rainfall,soil_moisture,slope_angle,proximity_to_water,humidity,risk_level
272.9011,0.8178,42.7063,0.1676,87.2971,critical
90.0701,0.3194,10.1645,1.7073,49.1896,low
167.6909,0.746,39.2677,0.9764,87.5014,high
144.8775,0.5344,30.3754,1.0551,81.4433,medium
216.9295,0.6889,49.3787,0.8616,78.5574,high
244.5681,0.7081,28.6196,0.9794,79.5491,high
104.4627,0.2525,26.447,0.726,82.6334,medium
260.6713,0.8259,49.6821,0.4756,90.6513,critical
88.7506,0.2346,21.5942,1.3531,62.5537,low
154.5269,0.6022,30.6377,0.1301,92.6746,high
82.1241,0.1022,20.4756,1.916,64.2316,low
244.8931,0.5897,49.7872,0.7429,90.7497,high
155.9152,0.7317,48.7156,0.3204,79.3679,high
80.3894,0.5163,36.0482,0.9942,83.4403,medium
61.0328,0.2518,21.5651,1.8873,42.7767,low
77.5541,0.2987,10.4585,1.4266,31.2751,low
100.6273,0.3709,20.7539,1.3399,78.8636,medium
57.2382,0.1944,16.0957,1.0346,33.1406,low
234.4644,0.8363,53.0652,0.1431,91.4297,critical
270.6868,0.9577,40.9787,0.2082,90.4059,critical
138.1999,0.4873,33.1855,1.268,83.2024,medium
240.1745,0.8639,39.6698,0.2947,86.1408,critical
292.7329,0.8183,50.5302,0.2147,85.179,critical
155.6737,0.7651,29.9989,0.2602,78.9552,high
286.9568,0.9243,38.1539,0.3412,93.9221,critical
117.3328,0.2171,7.8509,1.1177,38.3463,low
208.1146,0.661,38.3391,0.5116,81.1768,high
105.715,0.513,22.9319,0.5924,74.7132,medium
153.9831,0.4527,15.5357,0.4824,75.4846,medium
97.8134,0.1088,11.8534,1.1281,50.773,low
108.8553,0.4911,29.7828,1.2783,73.9029,medium
108.3601,0.5576,19.0897,0.5206,80.6301,medium
155.1009,0.5355,22.0622,0.8616,73.255,medium
85.7601,0.3381,35.2684,0.8132,72.4338,medium
169.1908,0.7595,32.6055,0.8387,90.3719,high
52.9645,0.1858,18.6099,1.9423,53.0067,low
292.7594,0.9125,41.5721,0.2289,90.4961,critical
186.5311,0.796,45.2725,0.4373,81.9993,high
188.4999,0.8052,29.6483,0.972,77.196,high
66.5664,0.2391,7.0735,1.2195,63.8171,low
52.913,0.3423,12.1994,1.2743,43.2517,low
260.8264,0.8315,59.1818,0.2644,85.5035,critical
110.7243,0.1129,6.8259,1.0418,57.0151,low
124.5257,0.3607,33.4164,1.4155,85.3812,medium
293.4327,0.8076,53.2748,0.4053,86.1353,critical
178.0757,0.4615,31.6275,0.6217,78.2256,medium
173.7063,0.2888,33.6285,0.5677,73.7543,medium
92.6859,0.344,20.8598,1.0402,89.9943,medium
65.0209,0.1185,19.8768,1.2888,60.0836,low
252.5848,0.9122,43.7264,0.4867,99.7206,critical
257.3895,0.9042,42.3316,0.239,99.4346,critical
78.88,0.151,8.4916,1.4379,51.9433,low
150.6435,0.6541,35.0875,0.6359,79.5586,high
63.9843,0.2851,14.5408,1.976,60.5386,low
136.7811,0.2853,33.8574,0.5798,74.3342,medium
262.049,0.9908,52.5211,0.2962,90.7562,critical
200.6837,0.754,32.0089,0.1854,83.8434,high
252.244,0.9174,41.2939,0.3392,91.9742,critical
150.3528,0.602,47.4731,0.6344,88.1089,high
58.3814,0.2559,11.4045,1.9922,31.8112,low
172.8504,0.8486,41.6425,0.9561,83.7563,high
154.5648,0.2515,21.3977,1.1194,71.551,medium
281.9322,0.9073,51.2231,0.576,95.9875,critical
181.9517,0.7341,45.5018,0.5623,81.2343,high
296.2999,0.794,59.4888,0.3066,97.2136,critical
250.0452,0.811,51.0125,0.5001,90.8473,critical
134.8888,0.5111,25.7353,0.5233,73.7929,medium
234.1554,0.9289,49.0139,0.5338,88.7543,critical
64.1654,0.2289,12.1876,1.7309,48.6637,low
165.7497,0.6634,43.8174,0.1491,75.3714,high
169.2008,0.5637,34.5652,0.6688,86.4604,high
83.5559,0.1637,21.8902,1.699,30.3016,low
195.2809,0.7831,46.2156,0.2115,92.0665,high
239.8502,0.7486,28.6639,0.2439,77.3762,high
159.7517,0.5314,22.9078,0.4777,80.8978,medium
109.3992,0.2927,10.6222,1.685,39.1955,low
239.6643,0.823,52.95,0.2092,96.1476,critical
133.9168,0.3974,17.9413,0.638,84.9919,medium
73.3546,0.035,8.2041,1.4343,42.8303,low
261.8988,0.8743,57.7182,0.0573,98.2638,critical
80.5702,0.1888,11.801,1.3932,47.6591,low
123.1681,0.4182,25.0633,0.7453,82.6047,medium
190.2772,0.651,45.6382,0.7898,89.6075,high
294.3672,0.9095,41.2031,0.5569,85.3081,critical
259.6653,0.967,45.1859,0.1755,87.7856,critical
225.1184,0.8407,30.7607,0.6051,82.3588,high
256.5686,0.7805,40.9844,0.3914,85.8725,critical
94.424,0.1862,13.2668,1.681,43.0684,low
62.7049,0.3216,11.9474,1.7559,36.5836,low
256.95,0.8254,43.4504,0.2709,92.5099,critical
250.9397,0.907,52.9088,0.3819,90.4505,critical
240.6425,0.9242,45.9912,0.2342,99.0982,critical
98.5984,0.3481,17.8845,1.7454,64.9918,low
106.1418,0.0579,7.8231,1.1478,31.5111,low
234.1861,0.8178,48.9934,0.287,88.3808,critical
278.5224,0.9086,50.496,0.3677,95.6615,critical
122.0163,0.4595,19.8344,0.9916,86.0529,medium
194.5529,0.8187,33.4157,0.8165,82.1032,high
243.1758,0.8412,41.5626,0.2934,94.4672,critical
269.011,0.7855,44.1876,0.1237,95.2113,critical
104.4119,0.467,26.9301,0.9882,84.9765,medium
134.8955,0.4635,22.4422,0.5179,77.1072,medium
106.0675,0.2573,12.5832,1.327,56.5072,low
165.9871,0.7411,49.148,0.7129,80.6661,high
57.6401,0.1458,7.2898,1.7351,48.801,low
80.099,0.584,24.6275,0.4288,77.2694,medium
167.7477,0.3068,29.3017,1.4461,74.3071,medium
107.1598,0.1158,17.8226,0.9692,61.8429,low
161.9259,0.3393,22.5328,1.3105,76.0729,medium
132.7545,0.5123,22.5906,0.9286,77.1104,medium
159.9513,0.4582,37.109,0.9264,77.9467,medium
188.8748,0.6379,44.5817,0.6351,76.8339,high
166.5819,0.7149,28.1344,0.322,78.7505,high
246.7328,0.835,56.0143,0.0477,98.5441,critical
132.5093,0.265,18.7968,0.7069,88.6423,medium
104.6211,0.3274,14.0882,1.29,35.271,low
217.5844,0.8231,48.0439,0.2439,76.1837,high
173.0594,0.3933,19.5305,0.4445,87.4561,medium
89.5465,0.3006,9.8348,1.4003,38.2146,low
298.9945,0.7857,47.2166,0.4374,99.1568,critical
244.4797,0.8271,57.2686,0.3181,85.6963,critical
248.5304,0.6394,49.8961,0.2107,76.9512,high
181.689,0.7294,31.102,0.299,85.7956,high
105.1203,0.3233,12.2789,1.3704,60.9283,low
98.0267,0.0346,6.017,0.8254,30.3827,low
267.2364,0.9374,54.4106,0.1589,95.1171,critical
90.4612,0.3333,16.1043,1.6877,37.7608,low
82.4229,0.4421,37.6985,0.7336,72.1811,medium
224.242,0.8067,39.6633,0.8363,84.3614,high
104.2025,0.303,8.6435,1.9195,39.2161,low
240.4782,0.9343,43.384,0.1267,98.4649,critical
235.8451,0.8692,55.028,0.5812,88.746,critical
116.0565,0.2902,17.0732,1.1898,71.4317,medium
143.1286,0.3823,26.1408,1.3957,81.0152,medium
86.1304,0.3396,22.1849,1.497,70.9213,medium
161.3224,0.8166,31.5025,0.2164,77.5769,high
293.2167,0.8417,53.7711,0.1929,86.5793,critical
243.1314,0.9616,43.2563,0.3663,95.6281,critical
270.4351,0.8246,40.4834,0.2994,88.3042,critical
268.5551,0.9849,45.5219,0.1846,93.9666,critical
220.2027,0.765,31.6646,0.1952,86.7422,high
76.9563,0.2426,15.1557,0.8889,48.26,low
284.0125,0.9314,48.0513,0.3673,99.4868,critical
111.7722,0.4548,30.5459,1.1254,75.4288,medium
232.5644,0.808,57.7574,0.2152,88.6864,critical
142.0147,0.5265,16.1206,0.962,85.4122,medium
125.287,0.3151,22.3061,1.039,78.3346,medium
171.34,0.5659,33.8879,0.319,75.9681,high
91.723,0.1346,16.552,1.1091,63.2448,low
90.8869,0.2721,16.2787,1.0496,39.5867,low
288.1176,0.8268,45.8871,0.1472,91.3714,critical
167.5294,0.5376,21.7925,0.4223,83.8226,medium
166.0886,0.4857,18.674,1.3517,80.9864,medium
205.4631,0.7763,36.9161,0.1325,92.5243,high
94.7694,0.0605,16.3721,1.3362,45.0903,low
51.5963,0.0382,10.4115,1.2942,48.6138,low
108.5221,0.4651,21.7268,1.311,75.0075,medium
258.11,0.8987,42.0103,0.0961,93.0156,critical
99.4628,0.5233,31.617,0.7406,89.6252,medium
232.1645,0.8422,44.2608,0.2613,95.8616,critical
141.4282,0.5953,23.2785,1.4582,73.1504,medium
148.3845,0.3783,21.6771,1.3243,76.6443,medium
113.1822,0.154,8.274,1.319,35.7,low
221.3732,0.613,49.3978,0.3296,92.7026,high
295.8752,0.9013,51.6064,0.584,90.0331,critical
156.0722,0.7583,41.3433,0.1863,93.1029,high
272.0021,0.9889,40.769,0.469,94.1077,critical
183.6537,0.7863,28.8929,0.1546,88.3682,high
90.6782,0.2361,19.0524,1.2593,45.9373,low
256.4229,0.8228,59.6593,0.5117,94.7794,critical
218.4893,0.6829,29.3426,0.8276,82.584,high
114.1378,0.4275,16.2267,1.3887,87.4927,medium
275.8703,0.9872,44.4928,0.5653,85.0667,critical
281.8953,0.8681,41.8321,0.3471,97.7581,critical
95.5088,0.3068,21.5903,1.0143,64.1107,low
165.98,0.6599,42.3418,0.6169,88.8835,high
143.779,0.3465,36.4585,1.0771,88.326,medium
157.6358,0.8168,43.3102,0.1718,85.1997,high
91.8485,0.4275,37.9779,1.0496,80.3863,medium
266.9762,0.9063,59.5528,0.3133,87.4457,critical
169.5565,0.7672,45.9981,0.4194,86.631,high
149.1885,0.4736,36.3407,0.5719,87.3603,medium
298.0966,0.8473,55.0676,0.466,90.9933,critical
232.8641,0.8062,39.0388,0.7496,88.3911,high
153.103,0.2589,29.4805,0.7787,81.8941,medium
104.967,0.5267,37.8217,0.8943,82.2379,medium
269.2823,0.8255,57.4051,0.238,89.3761,critical
268.5724,0.8559,47.3643,0.2445,90.9383,critical
216.9258,0.7137,48.1549,0.506,85.006,high
198.6511,0.8145,30.7224,0.4505,76.9965,high
125.6746,0.5858,26.5278,1.0157,89.7318,medium
53.8777,0.0846,21.505,1.4963,52.0132,low
176.1785,0.6977,32.1598,0.9436,77.2622,high
79.338,0.0178,14.9581,0.8611,52.9411,low
59.7827,0.1518,9.1936,1.1274,41.77,low
116.2217,0.0461,8.1077,1.4862,33.1643,low
199.5594,0.717,51.2018,0.195,75.8506,high
173.9545,0.3747,20.0575,1.1607,88.9915,medium
178.6945,0.495,27.4785,1.3195,87.0905,medium
276.9896,0.9453,52.2923,0.3487,86.7257,critical
248.2917,0.8253,38.3581,0.4183,94.8496,critical
171.3434,0.3434,17.4975,1.1172,84.4838,medium
115.523,0.2453,17.7896,0.954,35.3131,low
131.2289,0.346,29.6806,0.5999,78.9359,medium
52.03,0.3438,7.1579,0.98,47.049,low
104.9334,0.1057,12.1865,1.0591,41.2056,low
253.8929,0.7106,51.8025,0.3239,81.716,high
235.3164,0.5789,37.0971,0.2461,92.1329,high
165.9406,0.6024,37.634,0.9499,76.1748,high
112.5185,0.2103,14.034,1.7127,38.6903,low
280.929,0.9855,55.5544,0.2818,88.7512,critical
103.5499,0.2232,15.6331,1.8903,33.1746,low
57.117,0.2103,14.6549,0.8933,40.2309,low
102.2753,0.2632,7.3326,1.4992,39.2207,low
133.274,0.573,20.6134,1.2869,78.8873,medium
268.785,0.825,58.8746,0.103,99.504,critical
154.3874,0.7634,32.5725,0.7322,79.4219,high
82.619,0.0743,19.8637,1.8197,44.9185,low
60.0115,0.0251,14.2765,1.592,38.2846,low
221.837,0.5703,30.1881,0.1886,93.7567,high
139.4294,0.4469,27.2228,0.7389,85.1543,medium
91.9568,0.2598,8.7536,1.0262,32.3635,low
172.6182,0.3436,16.6954,0.8958,71.5066,medium
246.1956,0.584,35.9006,0.8132,80.8788,high
247.5478,0.8478,59.1769,0.3428,85.8322,critical
273.6001,0.9479,55.8097,0.4632,98.1655,critical
108.6586,0.266,7.6779,1.7726,41.2862,low
113.6006,0.1671,5.1276,1.8959,56.1489,low
244.9979,0.9173,45.564,0.282,97.8526,critical
50.8612,0.2637,19.19,1.1796,50.8316,low
245.0374,0.9863,47.6198,0.3106,96.5118,critical
71.0664,0.1795,5.0181,0.8293,42.4308,low
267.0021,0.9765,54.0374,0.5985,86.639,critical
183.6886,0.7948,39.3289,0.4522,84.5433,high
256.5251,0.8033,53.986,0.2928,92.7539,critical
104.7837,0.0329,21.6965,1.0008,55.3311,low
185.4317,0.6095,30.803,0.1238,79.7702,high
90.8308,0.4037,36.3654,1.1922,77.8767,medium
250.4538,0.8485,46.5409,0.996,75.7002,high
144.374,0.477,22.9129,1.0019,70.0326,medium
156.4812,0.355,26.7474,0.9597,75.7185,medium
256.8486,0.8703,38.1642,0.0836,99.309,critical
81.2397,0.3145,18.5522,0.8167,72.8286,medium
176.7907,0.4306,33.6968,1.4111,87.5887,medium
197.7108,0.5583,42.4269,0.239,91.2532,high
109.963,0.2568,6.1839,1.0557,62.4684,low
153.6354,0.3281,29.3603,1.4124,88.1795,medium
246.0193,0.9557,38.3918,0.4526,89.0916,critical
98.3808,0.4599,36.5207,1.434,78.7249,medium
196.7957,0.7041,31.7626,0.2511,82.3496,high
154.8244,0.8125,29.463,0.7957,91.9131,high
82.396,0.0503,20.7676,1.6191,41.3625,low
211.9582,0.7095,41.2687,0.1157,81.4498,high
78.8268,0.0655,13.1251,1.0583,63.045,low
150.6699,0.6407,46.7886,0.5578,84.4317,high
174.5655,0.5884,40.5632,0.6623,83.7744,high
81.5803,0.2557,32.5248,0.8321,76.0689,medium
162.3068,0.3447,22.3734,0.7498,78.9319,medium
235.183,0.9465,44.6614,0.518,96.9504,critical
155.4713,0.674,48.1208,0.6786,76.0372,high
88.9923,0.2976,15.7474,1.9938,40.549,low
239.8691,0.89,49.0159,0.2138,94.5101,critical
72.8078,0.1357,13.6519,1.4603,42.0691,low
287.5851,0.8883,58.8762,0.3364,88.5374,critical
207.7275,0.654,28.4952,0.1456,77.3538,high
238.4219,0.8997,57.0761,0.2869,85.8601,critical
61.9904,0.0698,19.2412,1.887,59.8771,low
52.6189,0.0297,7.856,1.0531,44.8786,low
60.0728,0.306,17.0791,1.5659,36.5091,low
163.2314,0.6028,33.4058,0.1707,83.158,high
247.2948,0.7519,48.861,0.5756,78.4999,high
265.7201,0.8657,49.1206,0.1208,90.6016,critical
88.4401,0.1533,15.8449,1.7045,48.275,low
259.2135,0.9877,45.5478,0.5159,96.7707,critical
286.9892,0.8908,41.683,0.1414,85.1511,critical
278.3775,0.9248,53.5397,0.1642,87.1464,critical
168.6646,0.3556,30.0891,0.7538,87.2828,medium
98.8685,0.1417,5.598,1.732,50.5162,low
222.9562,0.7563,43.9551,0.3319,93.9996,high
114.9294,0.2285,16.5031,1.5902,63.1623,low
250.7238,0.7817,51.4313,0.2978,86.128,critical
239.0746,0.6222,48.5275,0.6084,75.0662,high
88.2428,0.3994,17.4469,1.2043,75.4587,medium
226.6377,0.617,48.9278,0.687,82.1998,high
217.4695,0.7316,39.9898,0.6976,87.5342,high
58.0171,0.1727,16.9236,1.8406,31.8103,low
104.5634,0.2538,17.2929,1.4651,30.17,low
260.4375,0.8743,53.8136,0.5673,97.1985,critical
66.3758,0.269,20.9109,1.8039,59.9416,low
66.115,0.0657,18.9932,1.7395,43.7457,low
192.0063,0.617,28.8493,0.5648,88.4874,high
286.783,0.9978,48.0432,0.1336,94.5597,critical
196.9625,0.6248,49.9998,0.7272,77.5499,high
276.7546,0.9882,52.1418,0.2986,94.4964,critical
169.313,0.5706,22.5456,1.2413,79.9348,medium
76.5625,0.3081,14.5654,1.7125,36.1088,low
106.3335,0.1569,10.5513,1.2705,31.4821,low
260.6453,0.9586,38.8718,0.0973,85.1192,critical
278.0191,0.9208,50.2237,0.0283,88.3671,critical
109.4586,0.2982,6.3164,1.6537,54.2146,low
163.62,0.2899,33.2165,0.7016,85.812,medium
70.5516,0.3183,14.2573,1.7516,64.1784,low
291.9393,0.9875,49.7776,0.241,93.464,critical
230.0039,0.6292,40.8229,0.7748,87.5057,high
91.6947,0.4826,16.9544,0.4081,76.1723,medium
259.9717,0.8006,54.4421,0.5855,98.3693,critical
155.1543,0.7147,38.2747,0.4916,87.3402,high
186.0958,0.673,42.4078,0.9722,81.2134,high
88.5886,0.3628,29.9293,0.6599,84.4872,medium
102.1334,0.2407,14.5509,1.17,30.7641,low
233.4751,0.7873,30.7955,0.7237,85.9018,high
286.6253,0.9863,51.9446,0.5074,91.5668,critical
175.9481,0.6396,38.41,0.6202,93.7846,high
130.5725,0.4434,16.7563,0.9452,81.6433,medium
252.6383,0.765,30.2983,0.5311,87.0191,high
103.2732,0.3475,36.1349,1.0217,72.2853,medium
291.8947,0.8665,51.3884,0.0535,98.7878,critical
274.3716,0.8708,48.0152,0.3577,97.1615,critical
239.306,0.9768,56.1064,0.1361,89.6634,critical
255.1495,0.8788,46.8045,0.4061,95.7715,critical
108.2582,0.0496,5.336,1.361,64.3352,low
264.81,0.8623,55.184,0.4476,97.8534,critical
72.1997,0.1037,18.9264,0.8606,41.4733,low
85.9956,0.2078,9.3762,1.6322,47.0116,low
159.0865,0.4559,37.5313,0.9774,70.1376,medium
149.2772,0.4234,33.3795,1.3346,84.9221,medium
289.1881,0.8554,47.6866,0.3626,86.4357,critical
103.2552,0.4762,20.6689,1.2007,74.356,medium
280.8346,0.8674,41.9169,0.3712,93.9299,critical
149.8429,0.3581,21.3974,0.9117,89.7888,medium
102.1632,0.3136,20.915,1.0947,45.2995,low
87.674,0.4808,24.2391,1.2022,86.9972,medium
255.3865,0.8528,50.1107,0.4267,89.5773,critical
170.249,0.5509,18.5312,1.1292,83.6278,medium
106.0619,0.1821,13.19,0.9851,55.4758,low
281.6935,0.9836,49.8244,0.2164,85.364,critical
96.9862,0.2793,7.3736,1.0446,44.6501,low
96.3163,0.1202,18.9928,1.086,35.9492,low
216.1614,0.6821,37.2809,0.4707,82.2715,high
259.7141,0.9313,41.0205,0.4952,94.0596,critical
221.0588,0.6008,28.5405,0.2521,78.5478,high
104.5297,0.2585,8.6472,1.5324,63.2106,low
276.3882,0.9635,45.5785,0.2784,92.5209,critical
126.2799,0.2592,24.5161,0.4744,83.6458,medium
104.9826,0.4066,20.1807,1.4171,79.8694,medium
299.8707,0.8238,49.7995,0.1885,92.9396,critical
93.1316,0.0625,18.5108,1.0768,31.9701,low
234.9002,0.9741,41.1097,0.3515,92.4903,critical
272.2231,0.9925,44.3369,0.2692,93.868,critical
151.6131,0.5762,26.3501,1.3113,86.2376,medium
53.1437,0.1373,17.7545,1.9262,49.8027,low
91.1814,0.2596,15.0803,1.8221,33.7013,low
186.4319,0.7087,38.4161,0.6999,76.808,high
283.7847,0.8451,41.3993,0.5906,99.1453,critical
79.1065,0.1627,7.9981,0.9069,36.753,low
175.0665,0.3095,25.0813,1.3957,77.9475,medium
274.4388,0.9314,50.3088,0.0959,87.8738,critical
270.7947,0.8169,46.8326,0.3563,96.8913,critical
173.804,0.7637,34.9934,0.7101,83.0902,high
245.2787,0.5546,45.4728,0.4175,82.6531,high
79.288,0.3222,5.8642,1.912,43.417,low
64.1683,0.1937,13.442,1.9546,43.1857,low
173.4958,0.2816,23.0271,1.4937,72.7366,medium
60.7299,0.3182,19.8386,1.6136,50.925,low
100.9277,0.2699,19.9828,1.3416,83.795,medium
83.1918,0.0105,8.1944,1.9634,60.2438,low
246.504,0.9136,53.7448,0.0655,96.9778,critical
72.9853,0.1032,5.093,1.4344,44.1146,low
198.7357,0.5872,46.9173,0.4086,77.4827,high
69.9304,0.0659,7.8958,1.9878,56.3032,low
298.3289,0.8807,59.4319,0.3644,92.859,critical
263.8379,0.8821,42.6749,0.342,95.9701,critical
71.2765,0.0203,16.6523,0.819,63.9897,low
260.8249,0.8944,45.3735,0.41,87.7065,critical
287.4834,0.8382,57.1733,0.0789,98.6988,critical
260.7998,0.9463,43.4344,0.4727,94.3804,critical
78.6148,0.346,12.17,1.8315,47.6804,low
238.4307,0.9487,43.9398,0.3236,96.2435,critical
258.7651,0.9201,51.6542,0.148,98.352,critical
164.2081,0.7578,39.8775,0.7374,91.7211,high
225.3847,0.5543,33.3992,0.4211,84.1601,high
174.1367,0.5806,34.536,0.5697,83.9008,medium
50.3801,0.2159,12.7589,1.3727,56.7862,low
262.7595,0.7966,40.8013,0.5416,91.0312,critical
199.016,0.7456,46.2551,0.9013,84.2938,high
87.2455,0.3685,16.3435,1.1545,78.7681,medium
101.5131,0.3321,32.6037,1.1934,74.9053,medium
198.7205,0.6243,38.5989,0.7508,87.3099,high
157.2895,0.4798,35.4759,0.9503,79.3404,medium
237.7636,0.9101,52.1252,0.2019,93.1223,critical
265.344,0.8665,59.0821,0.2858,94.9125,critical
239.9672,0.8331,50.4042,0.1381,98.9675,critical
62.1189,0.0564,21.1303,1.9642,57.6585,low
80.2707,0.4038,36.5344,1.4738,76.3292,medium
175.8093,0.5949,31.2179,0.5364,80.0632,medium
134.2942,0.5276,17.0783,0.5664,70.1848,medium
171.9696,0.6231,48.1271,0.6898,92.7171,high
260.8354,0.862,52.0698,0.5766,94.8927,critical
107.7265,0.0527,11.8215,1.003,64.5349,low
138.5604,0.4971,33.2924,0.832,71.8011,medium
137.3845,0.3586,24.9381,1.4911,70.6231,medium
108.06,0.0006,19.6248,1.0948,40.3904,low
172.3313,0.3589,34.3417,0.8367,81.0477,medium
167.5738,0.4437,17.1219,1.0076,84.5403,medium
95.9388,0.0339,16.9823,1.3929,34.3345,low
195.4963,0.8352,47.209,0.3316,89.3782,high
246.2572,0.9025,59.4055,0.5862,90.6012,critical
79.3026,0.3164,13.8783,1.832,53.9825,low
246.7025,0.6788,31.1902,0.14,81.4082,high
165.2578,0.7659,43.3617,0.6387,85.8118,high
125.109,0.4414,32.9252,0.4806,82.8752,medium
98.1523,0.5839,20.8654,0.8227,83.636,medium
295.9447,0.7984,40.2355,0.0678,85.5653,critical
102.2482,0.3158,19.2701,0.7462,71.067,medium
78.597,0.2956,15.3739,1.4818,45.6888,low
167.9758,0.7371,33.0101,0.8276,85.9365,high
91.6104,0.1613,21.9435,1.9063,45.0185,low
50.5154,0.0527,7.1992,1.3266,30.5681,low
63.7504,0.2287,9.9144,1.9528,39.0495,low
267.842,0.8569,45.2254,0.2427,88.2451,critical
179.3099,0.2503,21.8386,0.675,86.8883,medium
98.6359,0.1387,14.1203,1.3407,58.9367,low
240.0987,0.6257,39.3294,0.2011,87.4621,high
92.441,0.5876,16.9964,0.6051,74.0544,medium
192.6446,0.7266,43.0245,0.3896,75.27,high
243.6584,0.9351,41.9088,0.4728,85.7287,critical
187.9531,0.7071,44.6046,0.5516,80.9164,high
217.3365,0.7633,37.1837,0.331,86.1035,high
235.1426,0.6005,43.729,0.9485,90.4198,high
216.2502,0.756,48.317,0.1135,93.3929,high
66.6987,0.0561,6.5258,1.2227,32.4017,low
289.7969,0.9361,44.5993,0.02,92.8232,critical
223.4983,0.5843,51.7847,0.6236,77.7446,high
156.7661,0.5562,33.4893,0.511,74.709,medium
247.9446,0.9764,52.312,0.1074,87.0149,critical
288.7218,0.9546,38.6963,0.3283,95.6423,critical
174.1455,0.6762,45.4028,0.8928,77.4789,high
104.1293,0.5124,16.6522,0.7082,76.6561,medium
82.0984,0.065,14.6466,0.8779,34.3374,low
268.1625,0.9383,49.6339,0.4105,91.5439,critical
58.7447,0.3295,8.718,1.37,50.5633,low
58.5931,0.0823,19.8764,1.0961,55.2364,low
160.1033,0.7158,37.3249,0.7361,83.2488,high
107.1138,0.408,28.8588,1.2446,76.4626,medium
185.5761,0.8224,31.8512,0.5668,77.0544,high
149.6725,0.3681,33.8624,1.1141,86.4275,medium
86.0707,0.4867,20.063,1.2534,82.6621,medium
222.3836,0.6428,30.6182,0.6165,88.5944,high
169.2484,0.2513,22.6194,0.6091,71.7289,medium
196.9298,0.6219,39.5726,0.4723,88.523,high
84.3495,0.2803,18.3869,0.9173,45.2022,low
195.8336,0.7041,50.6264,0.3953,77.6839,high
110.1019,0.3224,7.1935,1.2451,63.3541,low
211.6948,0.5693,33.1835,0.4411,78.7647,high
278.5952,0.8058,52.2638,0.4625,98.8737,critical
237.4543,0.9363,42.3149,0.5233,99.2459,critical
115.5158,0.1801,11.3659,1.6802,32.4199,low
278.3992,0.8568,39.7395,0.5235,86.2759,critical
265.5253,0.8745,40.4504,0.5404,97.8616,critical
72.1929,0.1641,8.8755,1.09,41.8407,low
61.5872,0.0032,18.7052,0.8856,34.4297,low
115.5289,0.1381,16.0784,1.123,60.5237,low
164.4409,0.447,19.3461,1.3109,74.5128,medium
229.8852,0.6481,43.0265,0.7769,88.6448,high
94.1008,0.0351,21.6123,0.8511,56.4642,low
62.2249,0.1992,11.4725,1.7293,51.4354,low
104.0409,0.2221,7.9809,0.9414,48.4261,low
81.1187,0.4587,17.144,0.732,73.7572,medium
92.4211,0.1779,11.0753,1.652,43.5072,low
100.7637,0.4452,28.4805,1.3922,82.5958,medium
99.6933,0.0858,14.6657,1.9108,50.0049,low
88.8734,0.2792,34.9975,1.0502,78.6922,medium
139.6726,0.2856,21.436,1.2666,80.0121,medium
240.7754,0.6228,42.2492,0.5182,75.3998,high
248.5757,0.9176,55.1036,0.2926,93.8595,critical
83.1893,0.1195,21.6836,1.1095,57.0377,low
160.0577,0.578,31.9707,1.1983,88.8823,medium
66.858,0.3335,18.5284,1.0433,33.755,low
91.3801,0.2973,14.9408,1.8586,59.4859,low
156.9223,0.564,42.573,0.4254,90.4654,high
243.001,0.8846,58.9075,0.3607,92.7275,critical
252.4821,0.6791,44.0151,0.7452,93.1606,high
95.6352,0.0911,6.6971,1.5685,48.6867,low
112.7923,0.3446,21.0375,1.4594,48.8103,low
235.7014,0.5626,49.0578,0.9613,90.0034,high
182.4004,0.7991,48.3668,0.955,89.9543,high
102.6398,0.5118,34.1444,0.6041,73.8759,medium
83.4514,0.0014,11.6722,1.0668,64.8253,low
148.4,0.2802,27.3421,0.6054,74.3222,medium
115.5298,0.2106,5.6103,1.564,38.3137,low
291.8707,0.8145,46.0943,0.3619,93.3506,critical
106.1037,0.0886,11.6556,0.8552,55.3995,low
267.9362,0.9198,38.4985,0.3442,88.0363,critical
149.0496,0.3389,25.8899,1.1044,83.0795,medium
163.7383,0.3448,25.367,0.6054,77.2822,medium
174.4805,0.3298,33.1707,0.963,75.4498,medium
215.5201,0.7244,35.8763,0.31,88.46,high
57.4494,0.0884,19.7442,1.7633,41.5425,low
258.2269,0.8079,40.5309,0.2602,85.7763,critical
167.4851,0.4768,32.2949,0.7078,77.999,medium
236.4307,0.9271,55.2691,0.4726,94.3331,critical
111.9666,0.5715,17.6322,0.8034,84.5142,medium
112.1584,0.3651,22.8818,1.3116,77.2759,medium
252.32,0.5755,32.8394,0.6654,79.2605,high
234.5629,0.9648,54.3946,0.2695,92.9205,critical
273.5996,0.8179,58.5394,0.1065,95.5918,critical
150.0346,0.7118,39.1659,0.969,92.4113,high
86.3201,0.0062,6.4617,1.6992,59.3348,low
241.7384,0.9481,41.0432,0.3378,98.5472,critical
259.032,0.6756,44.5441,0.3992,86.1407,high
70.3642,0.0479,11.7062,1.167,44.621,low
114.7389,0.1112,14.4248,1.0599,51.3683,low
147.8311,0.4047,26.5905,1.174,74.8525,medium
169.6071,0.7138,39.3289,0.3594,88.8921,high
275.3754,0.9391,57.3526,0.5993,97.426,critical
245.5712,0.8945,58.873,0.2101,97.0143,critical
117.6469,0.3874,21.516,1.3156,85.5085,medium
53.7367,0.2066,11.7579,1.5571,56.41,low
230.502,0.9323,52.556,0.2358,87.2161,critical
217.6487,0.8019,51.8582,0.5038,78.1559,high
293.7596,0.8602,53.9384,0.1518,94.6508,critical
68.9374,0.0081,21.1044,1.3278,41.4414,low
265.8192,0.8664,57.5636,0.1819,98.0614,critical
160.7447,0.5342,26.8436,0.4155,80.8613,medium
113.4094,0.285,28.3205,1.2503,74.7335,medium
131.4048,0.4367,16.8,1.3424,71.6384,medium
134.8614,0.3642,27.4971,0.4965,85.2637,medium
59.2472,0.254,21.3809,1.0603,44.9937,low
138.7822,0.4852,26.6919,1.4446,76.0292,medium
156.8353,0.6647,32.9133,0.3439,84.7648,high
211.442,0.6551,48.3776,0.8559,82.0137,high
270.3143,0.9927,45.5788,0.122,85.6113,critical
65.9067,0.0605,8.013,1.1271,48.2657,low
102.9948,0.2719,30.4121,0.4678,78.5579,medium
118.3952,0.2741,18.2971,1.2778,79.9766,medium
261.0813,0.9584,51.7524,0.4316,86.8879,critical
235.2962,0.83,55.6552,0.3984,91.2659,critical
179.7069,0.5675,27.1979,0.7004,87.5677,medium
98.9843,0.1687,16.4385,0.89,55.6906,low
297.0847,0.8788,58.215,0.4528,97.6068,critical
71.7227,0.1048,17.4903,1.6662,53.2024,low
155.7298,0.8212,37.4984,0.2501,85.3316,high
180.2154,0.8137,28.9174,0.4429,82.2737,high
169.2704,0.6039,43.3886,0.1544,87.6462,high
241.1942,0.6343,39.1077,0.1978,81.6599,high
177.9243,0.3872,22.8122,1.3418,77.0638,medium
93.6663,0.3182,20.7252,0.5941,75.1857,medium
236.4839,0.8145,59.307,0.4541,96.1657,critical
255.3522,0.9298,43.1618,0.3876,97.8849,critical
270.4627,0.8997,46.8012,0.1695,98.6807,critical
89.9952,0.3137,26.1069,1.1647,70.7432,medium
71.8657,0.3466,16.2695,1.0116,62.5207,low
97.65,0.0017,7.1769,1.5662,60.4169,low
225.8318,0.8246,29.5619,0.32,84.0987,high
98.9795,0.2665,10.7142,0.9681,34.5763,low
250.6982,0.8159,39.7585,0.5884,79.2192,high
290.4439,0.9524,48.8452,0.1967,99.8229,critical
236.3083,0.7977,39.9843,0.2271,95.6485,critical
69.0569,0.0399,11.6311,1.1175,64.7483,low
277.9382,0.8533,53.092,0.3406,86.065,critical
93.8209,0.0008,15.7281,1.2021,37.4109,low
257.8844,0.7842,49.7148,0.5797,89.2157,critical
89.3566,0.5532,36.0358,0.7521,81.9367,medium
166.9684,0.2855,21.0181,0.4335,78.3024,medium
170.215,0.3455,37.1785,0.9319,80.2437,medium
168.1177,0.5673,51.5146,0.8794,87.1869,high
251.3964,0.9525,59.087,0.3333,89.3707,critical
96.5753,0.275,33.3579,1.0902,81.5803,medium
170.9105,0.732,34.8295,0.6284,89.0321,high
109.7382,0.1689,12.547,1.4626,39.7821,low
191.6214,0.8098,30.0793,0.1548,77.5218,high
246.2766,0.8128,33.311,0.6247,92.4489,high
189.3591,0.7148,45.9106,0.4606,82.3919,high
171.1115,0.7504,40.2505,0.4283,77.1567,high
65.234,0.2864,6.136,1.2538,38.2194,low
180.3871,0.6082,34.9312,0.6549,83.1133,high
174.0351,0.4565,26.4209,0.9448,78.2331,medium
161.8458,0.7504,44.0488,0.6372,86.8934,high
232.7244,0.9782,46.5233,0.2682,92.5091,critical
290.0096,0.9359,46.5047,0.5428,90.023,critical
173.0556,0.7767,46.9675,0.8386,84.1227,high
231.2105,0.8063,39.9873,0.4213,85.0086,critical
208.3439,0.7423,45.9215,0.5295,85.2312,high
79.1823,0.0058,20.7063,1.3292,32.756,low
90.0762,0.2524,30.9804,0.7599,79.7272,medium
111.544,0.2284,9.8628,1.3336,38.6543,low
234.2425,0.7513,38.4843,0.5445,79.0193,high
279.0179,0.8004,52.187,0.0677,91.8653,critical
59.7838,0.3471,21.0738,0.9041,61.4342,low
51.7402,0.0861,12.9893,1.2179,54.6845,low
246.956,0.8054,59.0485,0.3892,94.1893,critical
177.1994,0.3731,34.9548,1.1692,85.8716,medium
265.957,0.8708,54.8304,0.1793,93.5957,critical
170.784,0.8379,46.0746,0.8216,76.1914,high
297.5594,0.8169,43.0845,0.0614,94.5767,critical
80.7238,0.2371,13.3514,1.8891,56.9532,low
277.8154,0.9859,55.419,0.5017,87.1915,critical
255.1995,0.9895,52.8096,0.1227,96.1688,critical
138.979,0.435,27.8813,0.8172,76.8271,medium
161.4876,0.2642,19.3904,1.3657,81.9043,medium
144.9827,0.4336,30.7686,0.4201,71.4739,medium
141.9916,0.5674,23.9014,0.8473,73.8129,medium
106.2388,0.3031,36.2944,1.4488,84.4821,medium
218.9614,0.8357,29.8021,0.9793,89.857,high
220.9066,0.7305,36.3567,0.2957,84.1022,high
232.3611,0.6158,45.4492,0.4758,84.058,high
253.3478,0.5546,41.4843,0.8952,83.5366,high
240.0572,0.5943,48.1115,0.5937,88.5649,high
53.4478,0.2846,11.6554,1.1962,61.081,low
292.8125,0.9338,52.5682,0.4382,87.7413,critical
210.4597,0.6499,41.6916,0.2301,77.6669,high
174.2505,0.3402,36.8794,1.1554,76.6293,medium
136.3136,0.5946,26.7338,1.3145,85.7513,medium
162.1764,0.5967,45.7322,0.2581,85.8762,high
296.4462,0.7897,46.6324,0.3752,97.1303,critical
299.8384,0.8181,47.6341,0.492,92.9207,critical
176.4817,0.8385,38.8797,0.9031,87.5433,high
238.0273,0.6327,49.7904,0.8256,80.7569,high
112.878,0.2717,30.3203,1.0089,78.172,medium
117.9125,0.5573,23.6105,0.9152,84.2033,medium
298.1034,0.8662,53.2619,0.0217,91.0904,critical
168.7137,0.7109,31.5319,0.5126,86.5236,high
147.5344,0.5172,22.7507,1.2971,81.3929,medium
115.1223,0.5782,20.1929,0.9704,89.4651,medium
236.5755,0.8689,41.1094,0.5309,90.5426,critical
250.7035,0.9867,47.1411,0.117,94.7984,critical
236.3988,0.7741,44.0675,0.4781,80.3723,high
175.844,0.5803,46.2417,0.8078,76.3986,high
72.135,0.0742,18.2899,0.8855,62.3156,low
159.5133,0.7588,33.5416,0.6924,75.9022,high
85.3168,0.057,6.7558,1.3369,37.5694,low
265.503,0.9179,55.8057,0.2398,97.5222,critical
84.4507,0.1327,16.7322,1.1005,64.6182,low
168.8928,0.5641,30.0361,0.7437,93.2005,high
82.7167,0.0725,8.5187,1.8628,34.7765,low
129.928,0.2841,27.7236,1.1359,83.6655,medium
242.8989,0.9465,46.9367,0.49,96.7923,critical
279.0985,0.7868,50.9008,0.1524,94.4441,critical
58.5283,0.1534,9.4231,1.8506,35.4702,low
159.4599,0.6282,34.6173,0.483,85.4388,high
293.9826,0.9222,44.7037,0.5142,95.1253,critical
59.7858,0.2053,14.2153,1.5716,34.5822,low
129.6565,0.5654,37.1983,1.0895,78.944,medium
248.1607,0.9242,46.2551,0.0152,91.7571,critical
281.8835,0.8154,42.5514,0.0419,92.5049,critical
268.7862,0.9821,56.9955,0.5322,85.4001,critical
56.1396,0.1995,5.6816,1.4321,61.0217,low
85.3325,0.521,28.0435,0.6026,77.9495,medium
230.684,0.7588,43.6571,0.7441,82.9309,high
183.7517,0.6435,36.7452,0.346,75.1289,high
288.6818,0.8768,57.0226,0.3897,94.9182,critical
191.2625,0.7979,40.8013,0.7659,88.1268,high
159.676,0.6835,45.3031,0.9903,88.9594,high
210.7803,0.5531,29.5915,0.1113,80.5259,high
273.1339,0.7898,39.6937,0.1335,92.3996,critical
80.2465,0.0434,9.6007,1.9929,33.7887,low
240.4058,0.8402,37.0873,0.7227,86.4181,high
290.4775,0.9753,46.0395,0.3542,87.1001,critical
116.8093,0.416,17.5221,0.7464,85.4676,medium
89.6753,0.4944,37.339,0.4473,72.4403,medium
78.4471,0.186,20.5154,1.1772,37.0064,low
95.4985,0.3312,22.013,1.2528,86.298,medium
216.0934,0.5937,45.8524,0.2895,75.5118,high
88.7095,0.1432,12.3283,1.4066,59.6683,low
152.8085,0.7932,32.1718,0.1752,92.0942,high
256.1832,0.9173,38.7024,0.4525,86.4296,critical
51.5898,0.3211,21.6295,1.5276,53.6184,low
297.456,0.9058,52.79,0.2972,95.5082,critical
70.1709,0.0888,7.73,1.3922,47.4299,low
103.2798,0.1101,20.6715,1.6839,47.1243,low
158.2761,0.4447,31.4914,0.6897,70.7286,medium
245.4813,0.9347,53.6242,0.472,86.5463,critical
125.6247,0.3548,24.106,0.6827,76.4796,medium
104.9548,0.3071,17.7572,0.5822,81.6894,medium
111.8902,0.0869,15.5024,0.8145,55.2076,low
99.1402,0.2179,6.0256,0.9061,63.5684,low
152.8519,0.7003,46.1769,0.9719,84.555,high
76.153,0.1114,10.5975,1.6233,56.7474,low
175.7693,0.3648,35.1422,1.0102,83.1119,medium
244.1392,0.9644,54.4688,0.1513,99.3844,critical
241.1048,0.5885,41.2816,0.6837,92.3628,high
248.5494,0.7241,46.5592,0.1648,81.4466,high
126.8405,0.3958,18.5213,1.2262,75.9388,medium
238.2513,0.9336,59.7853,0.5984,88.6038,critical
266.9768,0.9958,50.0892,0.5774,86.7293,critical
233.4254,0.9139,47.0451,0.1691,99.239,critical
271.9999,0.9849,47.0309,0.5821,93.1142,critical
239.0486,0.7984,40.4681,0.2163,95.6122,critical
230.2285,0.8144,45.3818,0.8354,75.2599,high
287.3848,0.8928,45.0911,0.2073,97.7458,critical
87.2906,0.0809,14.6063,1.3779,36.9341,low
101.4235,0.0628,7.6112,1.2967,37.0842,low
155.4091,0.4964,33.2258,0.6328,70.1212,medium
195.7945,0.6384,33.7962,0.9701,80.1597,high
161.2607,0.779,38.6717,0.4542,79.0632,high
230.1805,0.8723,48.5325,0.4173,85.3654,critical
119.4663,0.1739,11.2544,1.3295,58.8369,low
245.0207,0.7663,48.7658,0.5409,82.4648,high
150.9558,0.5749,16.3991,1.2208,72.6778,medium
100.5652,0.0621,17.9993,1.2136,42.4326,low
279.5936,0.8488,38.5429,0.5568,90.1881,critical
258.9715,0.9296,53.9123,0.316,88.6161,critical
82.0992,0.1812,12.4433,0.8938,33.5418,low
286.3046,0.9563,41.9298,0.0308,91.826,critical
99.3616,0.0156,9.8199,1.0832,41.3365,low
281.2677,0.9775,55.1079,0.1476,94.5479,critical
166.2926,0.2723,19.0586,0.8213,70.7792,medium
161.7835,0.3776,28.1449,1.4844,72.6477,medium
84.2009,0.1515,8.6087,1.0642,45.8358,low
90.5454,0.3446,20.8593,1.254,51.4588,low
89.951,0.5434,28.3687,1.2695,76.2148,medium
171.2272,0.8219,38.8539,0.7767,78.6453,high
89.808,0.549,19.1481,1.2476,82.3046,medium
61.5225,0.2083,13.571,1.737,42.3175,low
90.3323,0.2618,34.2307,0.7909,89.953,medium
120.2371,0.5717,21.7297,0.5959,87.671,medium
292.5363,0.974,57.2407,0.5009,95.1181,critical
107.9342,0.0051,5.6843,0.9853,51.5035,low
53.6161,0.1898,11.5678,1.2316,33.3927,low
214.0673,0.7202,38.8428,0.4053,76.0344,high
79.1384,0.1265,20.8573,1.8105,33.2754,low
285.3455,0.907,38.0412,0.1244,97.371,critical
54.0062,0.2045,18.2578,0.8221,52.107,low
270.8548,0.9093,56.9237,0.0193,86.0986,critical
194.7575,0.6552,39.7298,0.2112,83.7131,high
126.7273,0.4614,28.2439,0.9055,75.474,medium
117.7257,0.2469,17.2363,0.9527,48.0297,low
178.6626,0.3424,16.6799,0.445,87.1669,medium
115.5282,0.516,34.5739,0.7679,75.3467,medium
136.3011,0.2952,20.4674,0.6985,81.91,medium
100.0785,0.2757,9.6018,1.1616,62.2825,low
83.9946,0.4658,16.4167,1.3017,88.8122,medium
106.3074,0.2085,11.342,1.4188,37.3136,low
141.7669,0.4592,31.3546,1.4635,89.8029,medium
232.8705,0.6361,34.2681,0.5585,87.9032,high
148.8752,0.5165,35.3169,0.6256,89.5501,medium
231.2693,0.9953,51.6781,0.0183,86.7993,critical
212.9739,0.8176,42.6628,0.5279,87.518,high
117.1216,0.2786,18.7864,1.484,32.4198,low
104.1314,0.5804,19.3647,1.3995,75.3004,medium
86.4471,0.1801,18.6236,1.7553,64.7994,low
180.9944,0.7765,45.0261,0.8093,82.4968,high
115.1865,0.2596,16.3616,1.4989,59.0746,low
61.6881,0.1395,19.3365,1.1217,36.3463,low
97.7747,0.2644,19.6307,1.1766,35.136,low
60.3907,0.194,17.2724,1.367,50.6977,low
97.0568,0.1218,6.1478,1.2825,59.9901,low
168.7423,0.4746,30.6557,1.2876,70.088,medium
212.1311,0.6642,41.582,0.3987,91.0834,high
178.3035,0.7971,40.1421,0.3107,82.1117,high
192.2629,0.5915,28.0579,0.7262,81.1048,high
168.7253,0.569,41.411,0.9813,75.1072,high
265.6212,0.9229,49.1905,0.0562,96.8354,critical
83.3878,0.5402,24.5226,1.1877,70.377,medium
274.4379,0.9265,46.768,0.0905,91.7896,critical
102.4026,0.1279,8.5424,1.4329,63.942,low
241.3698,0.7365,30.3059,0.6036,81.19,high
293.63,0.8241,43.2367,0.1256,91.5763,critical
95.3578,0.4922,24.7847,1.3265,74.5562,medium
154.4034,0.6401,40.756,0.6708,91.518,high
289.1189,0.9396,53.9849,0.5107,95.8671,critical
162.9088,0.4608,34.2652,0.928,74.6873,medium
116.2219,0.1383,12.2246,1.1915,60.1892,low
170.9837,0.5974,31.0811,0.3379,77.4422,high
239.9338,0.9822,43.3629,0.5263,91.8948,critical
174.8076,0.6364,38.3644,0.8771,93.6136,high
266.7464,0.8716,56.2036,0.0116,99.7663,critical
239.3064,0.7283,49.8612,0.5447,90.5599,high
146.7397,0.3184,17.9906,1.1246,88.4603,medium
183.293,0.8483,34.4421,0.4457,76.6315,high
87.1539,0.0004,5.9396,1.9502,38.9092,low
226.457,0.8122,38.2582,0.1503,87.2052,high
189.3237,0.5968,33.4287,0.5515,93.0003,high
164.1121,0.6163,29.0903,0.1244,84.9062,high
66.2799,0.3476,14.8426,1.6915,43.4639,low
64.1247,0.0724,21.5875,0.9234,63.494,low
297.0897,0.9962,45.0276,0.4705,95.394,critical
198.1545,0.7076,37.6732,0.658,80.2591,high
68.6524,0.1776,5.8938,1.2908,50.9359,low
114.9457,0.1036,20.8216,1.5728,58.9869,low
164.0696,0.5938,19.8915,0.9762,83.7226,medium
103.3773,0.2603,6.6458,1.1638,46.178,low
84.1253,0.3934,34.7969,0.7094,85.1005,medium
167.51,0.4475,29.9918,1.4672,88.2801,medium
112.5413,0.0707,7.0215,1.7846,63.8658,low
165.6405,0.7438,40.4812,0.1767,92.0451,high
175.9596,0.3663,21.3828,1.278,88.7722,medium
123.4604,0.2799,30.7741,1.339,80.8114,medium
163.465,0.7103,32.6761,0.9031,85.5234,high
94.7947,0.2503,36.7205,1.1187,74.7582,medium
203.8373,0.5528,40.6677,0.8119,78.7583,high
291.3359,0.816,41.939,0.0323,93.923,critical
96.1046,0.4807,22.958,1.075,75.5152,medium
205.6307,0.8088,32.3917,0.6458,85.0668,high
118.5699,0.0067,6.6089,1.4826,55.4969,low
112.0455,0.4669,26.4533,0.5821,77.409,medium
60.1591,0.1521,14.1881,1.3007,53.7668,low
229.8558,0.7781,40.5157,0.5438,91.7018,high
171.1326,0.5995,44.9627,0.4921,77.1942,high
80.6533,0.1117,19.814,1.185,51.0742,low
147.9485,0.4177,24.5515,0.9863,86.853,medium
152.508,0.8192,48.2735,0.3445,85.8661,high
100.1823,0.2737,18.1637,1.1314,54.8626,low
73.0903,0.2778,13.513,1.2459,41.8653,low
253.7375,0.8959,58.5347,0.0965,91.7012,critical
117.1711,0.3523,33.2856,0.9624,72.4594,medium
86.5842,0.1644,5.4075,1.9986,57.8434,low
250.5646,0.9081,50.5646,0.0932,85.1526,critical
95.3492,0.422,24.7914,1.1694,85.2014,medium
149.3505,0.4411,27.9737,0.6844,80.1542,medium
299.7844,0.836,40.987,0.2562,93.5997,critical
85.4431,0.1667,12.1172,1.1409,33.6453,low
176.0857,0.839,48.3797,0.9163,89.4824,high
84.0661,0.2588,11.0067,1.7055,61.3427,low
284.595,0.8423,44.5586,0.2189,94.6362,critical
180.4843,0.6095,45.1314,0.9062,92.1364,high
291.3198,0.8411,51.2057,0.5604,89.3012,critical
230.61,0.9966,58.9179,0.4448,85.7829,critical
192.3404,0.6619,40.6676,0.8989,83.2919,high
201.0082,0.8042,31.2004,0.289,89.0281,high
252.287,0.9004,44.8913,0.5647,87.6172,critical
104.7257,0.4954,32.4426,0.7924,74.9186,medium
258.8701,0.7819,54.3755,0.0495,85.6743,critical
141.766,0.5909,26.8648,0.9708,78.8421,medium
125.7897,0.4834,16.8732,1.2159,75.5742,medium
75.9559,0.0252,16.2192,0.9574,31.658,low
247.3126,0.9789,55.4377,0.292,93.2456,critical
239.9128,0.7952,37.4799,0.9209,78.0689,high
66.5721,0.1591,12.3358,1.1128,41.8658,low
84.4964,0.5767,28.0584,0.9724,80.3501,medium
154.6573,0.6498,49.7342,0.9915,80.416,high
53.6373,0.1449,16.1988,1.1692,54.7865,low
168.2078,0.2631,25.6859,1.3308,88.4825,medium
136.0374,0.4396,35.3587,0.9706,86.9892,medium
96.8645,0.3775,28.9909,1.4032,89.6764,medium
132.5283,0.3712,15.649,0.996,87.7244,medium
91.1351,0.2807,21.8647,1.2921,30.8822,low
155.3344,0.8211,51.775,0.2235,75.1089,high
87.4804,0.2323,18.373,1.5224,32.8097,low
195.3454,0.678,29.5925,0.3287,84.117,high
104.5356,0.2862,28.987,0.6577,78.5815,medium
139.2179,0.3509,21.2985,1.4663,74.8739,medium
282.2437,0.9018,39.4862,0.4578,85.8704,critical
92.3857,0.3656,22.4549,0.5299,72.3054,medium
80.7483,0.3698,34.9374,0.5983,73.2189,medium
96.5866,0.3858,24.7425,0.9711,83.3717,medium
101.7289,0.0648,13.8726,1.7242,33.0716,low
283.4327,0.884,51.1112,0.5698,87.7156,critical
214.3576,0.8233,31.3217,0.632,90.7067,high
100.8896,0.2066,12.4174,1.279,44.4962,low
216.2905,0.7511,47.3964,0.8879,86.0964,high
96.0338,0.323,37.7802,0.7172,88.3879,medium
123.2998,0.5376,29.7827,0.5371,78.4996,medium
132.0976,0.5025,28.5475,0.9602,82.9702,medium
94.5832,0.5819,29.0169,0.6757,78.6243,medium
252.0622,0.8132,39.201,0.3781,86.3882,high
275.1231,0.7961,56.8451,0.2187,98.4135,critical
120.6856,0.3866,35.3055,1.084,73.6363,medium
62.5488,0.1853,8.2691,1.4277,58.5565,low
245.6092,0.8909,43.5485,0.1065,88.3555,critical
83.6222,0.4044,25.742,0.8752,82.7067,medium
96.5979,0.2677,19.1103,0.8132,53.8664,low
75.3269,0.2461,8.7206,1.0303,31.3643,low
173.9964,0.6014,38.9314,0.9234,89.1199,high
281.4896,0.9345,44.146,0.4233,94.3831,critical
69.6864,0.2987,5.8977,1.0696,33.4259,low
113.7447,0.1935,21.5207,1.9438,62.6012,low
254.7915,0.8282,40.8119,0.1469,95.3264,critical
92.7691,0.1402,21.9119,1.9311,36.7559,low
285.4446,0.9551,42.0532,0.1864,86.4258,critical
137.4821,0.2768,23.74,0.9901,87.4979,medium
255.5937,0.7832,32.8694,0.6881,91.6751,high
233.0332,0.9007,57.2446,0.0505,97.3118,critical
160.1815,0.6688,51.1636,0.2423,87.2185,high
92.8081,0.298,14.1327,1.9155,44.1497,low
175.0002,0.524,26.9422,0.8935,83.515,medium
112.4174,0.047,8.7262,1.852,38.9853,low
94.5952,0.1188,20.9099,1.0734,50.7246,low
92.229,0.4631,32.1415,0.5719,79.7846,medium
199.6045,0.6535,38.1671,0.2771,80.2171,high
242.6667,0.8675,40.8298,0.3755,96.3275,critical
211.0308,0.7944,51.2453,0.7473,77.2177,high
278.5966,0.9131,45.0713,0.0299,97.9524,critical
219.2468,0.7521,49.0812,0.2976,84.1714,high
108.7809,0.2544,32.6759,1.3067,84.291,medium
299.151,0.9707,57.3542,0.2819,90.7879,critical
86.6353,0.495,23.5578,1.3509,76.144,medium
241.2371,0.692,31.6221,0.985,77.5107,high
129.161,0.4603,20.5309,1.1026,81.5851,medium
115.6479,0.0171,19.146,1.3619,56.8406,low
290.9271,0.9481,58.4315,0.3904,98.2685,critical
216.1101,0.5638,31.2751,0.9773,92.6499,high
121.4852,0.3601,36.8328,1.2192,83.2443,medium
52.5314,0.296,13.21,1.1603,36.9293,low
126.4402,0.5451,33.9089,0.9534,76.8073,medium
189.0121,0.7406,51.0931,0.7708,93.2286,high
157.0395,0.2593,21.2903,1.1569,85.16,medium
166.1193,0.7893,40.5912,0.3855,84.7919,high
129.426,0.4714,30.9743,0.6947,75.7355,medium
109.0502,0.0104,10.8774,1.8918,40.4694,low
147.4144,0.3909,36.2277,0.6513,87.5955,medium
250.8652,0.6555,28.896,0.8378,92.3453,high
296.1616,0.9094,55.2457,0.3151,95.6881,critical
61.289,0.0671,13.1703,1.1556,55.0863,low
108.2875,0.1946,16.3473,1.0889,57.5644,low
286.292,0.8665,44.1623,0.221,94.1131,critical
241.9451,0.922,59.1539,0.2727,88.0738,critical
114.7584,0.2879,13.7798,1.8342,56.4827,low
222.922,0.702,30.8526,0.3943,92.1299,high
214.8484,0.7898,29.0354,0.9629,93.136,high
259.4305,0.721,51.3391,0.9996,87.8469,high
248.2879,0.8956,50.0363,0.4116,86.5865,critical
182.7935,0.6887,34.8176,0.6411,80.9675,high
152.5881,0.8084,36.9782,0.8775,87.5734,high
88.8397,0.1197,7.4967,1.9009,60.7794,low
96.7938,0.2987,33.8537,0.6403,71.4032,medium
108.3421,0.0757,12.8509,1.718,64.0225,low
158.0257,0.5673,28.7534,0.6454,78.2994,high
273.259,0.8818,48.6959,0.316,96.6002,critical
270.8856,0.9004,43.2556,0.339,94.8327,critical
294.0486,0.837,59.7715,0.5664,87.1905,critical
158.4993,0.5592,43.3458,0.9152,89.6318,high
105.9742,0.3633,32.4345,0.718,75.5133,medium
84.5662,0.4323,21.5085,1.2928,73.1202,medium
91.3053,0.0523,12.0995,1.2947,33.1125,low
271.8097,0.97,55.2904,0.4265,89.6302,critical
135.7583,0.5874,18.2304,1.1118,87.5269,medium
165.4393,0.5254,27.5316,0.4154,83.3585,medium
145.3905,0.5394,16.2598,0.99,79.302,medium
291.1362,0.8448,46.9233,0.5771,88.7904,critical
207.0219,0.7363,50.8952,0.6379,89.8448,high
293.401,0.7943,38.9575,0.3249,86.4623,critical
250.9737,0.6106,44.9558,0.2711,93.4458,high
237.4949,0.963,55.1334,0.3782,88.151,critical
117.0991,0.2364,12.8406,1.284,41.0104,low
104.8857,0.1717,21.0768,1.8197,39.5605,low
60.3448,0.3106,6.3725,1.7581,35.248,low
245.562,0.6312,49.1393,0.7505,91.6806,high
110.2503,0.2372,21.4121,1.0171,34.8503,low
183.1946,0.774,50.356,0.4818,78.1437,high
254.601,0.8607,51.1019,0.5909,98.2379,critical
221.0542,0.5726,45.3712,0.595,90.333,high
108.2534,0.5081,24.8397,1.4282,74.7275,medium
162.8374,0.7381,37.8781,0.9868,90.3241,high
198.3546,0.6588,39.968,0.1367,83.6348,high
243.781,0.9284,57.4063,0.5898,94.887,critical
288.6376,0.8235,48.4443,0.3196,95.2051,critical
268.29,0.9789,46.6011,0.466,88.8113,critical
150.4397,0.4806,26.76,0.8084,72.4115,medium
278.4997,0.9103,45.7132,0.5003,92.6281,critical
154.6048,0.7323,35.6282,0.9188,93.9574,high
94.3042,0.3059,9.5958,1.906,50.0774,low
172.1602,0.8362,51.1245,0.5733,78.7421,high
70.7814,0.2176,17.6388,1.399,47.3701,low
255.8036,0.9564,56.1547,0.3955,87.2836,critical
190.0107,0.7163,40.1912,0.2935,80.2465,high
253.4073,0.9833,46.3245,0.3583,99.9,critical
106.5776,0.3496,14.162,1.0732,44.909,low
95.0706,0.0194,13.0373,1.5522,34.8926,low
242.9488,0.9538,54.4721,0.0829,94.9677,critical
86.054,0.2012,17.5426,1.5427,39.008,low
164.6343,0.3143,34.7611,0.8572,79.2741,medium
167.7311,0.6592,37.6754,0.4175,75.2344,high
60.2321,0.249,5.751,1.1986,54.4411,low
197.0636,0.7979,38.3819,0.5658,78.2194,high
237.8659,0.9009,54.359,0.5954,92.8761,critical
173.1243,0.542,33.6367,1.2213,75.7699,medium
119.8645,0.4988,21.8139,1.4952,70.6983,medium
54.6591,0.017,13.943,1.8835,32.0552,low
100.9427,0.426,37.0593,1.2032,77.8968,medium
135.6934,0.4766,20.9199,1.0476,74.7573,medium
248.9796,0.8558,46.9946,0.0569,91.0549,critical
104.7915,0.2708,5.8741,1.0951,56.7665,low
141.029,0.2599,27.0329,1.1187,75.3743,medium
280.3133,0.8041,54.0864,0.329,92.0657,critical
109.396,0.337,34.5952,1.1893,75.6752,medium
116.4201,0.0956,19.4865,1.5437,62.1736,low
284.6359,0.8651,56.0591,0.4566,92.6344,critical
278.0264,0.8063,50.0964,0.2792,98.0275,critical
150.4711,0.7234,36.6204,0.9025,93.4882,high
126.372,0.3254,29.3219,0.8346,70.4897,medium
55.7911,0.3029,16.4285,1.6758,59.5495,low
287.6331,0.9766,54.7901,0.0696,86.1545,critical
143.9213,0.2726,15.3793,0.7906,76.3424,medium
70.0512,0.0361,7.9233,1.3947,61.4431,low
121.0341,0.4934,24.9213,0.5681,82.2489,medium
148.685,0.47,37.0852,1.4008,76.378,medium
288.1617,0.9063,39.2347,0.5957,86.2935,critical
221.5858,0.67,48.4995,0.142,76.0231,high
119.9373,0.1032,17.0333,1.8717,62.6181,low
95.6811,0.0064,19.939,0.8862,64.511,low
230.2705,0.9922,47.2722,0.4287,92.9651,critical
94.9738,0.2478,11.6146,1.5462,55.5323,low
167.0351,0.7734,29.3034,0.9189,85.387,high
247.5635,0.7849,53.2983,0.1696,85.5318,critical
63.6247,0.1277,10.1422,1.0102,43.7925,low
288.9112,0.977,43.5707,0.3635,92.7778,critical
166.0564,0.3013,34.6001,1.0243,81.3386,medium
194.3123,0.7274,48.5738,0.6178,85.0376,high
108.1779,0.1139,21.5851,1.6838,32.0597,low
109.5792,0.0926,9.0181,1.0683,64.9184,low
162.6775,0.5032,25.2519,0.5923,77.2839,medium
112.4406,0.4877,19.8245,0.8195,81.9036,medium
101.0087,0.5154,25.4234,0.9433,79.423,medium
162.915,0.511,29.8321,0.6651,79.2079,medium
94.4157,0.4866,15.0921,0.505,76.4366,medium
267.7943,0.9674,42.2907,0.5888,88.9692,critical
195.6618,0.589,41.6929,0.8646,90.1628,high
278.5197,0.8682,51.5532,0.5235,88.2167,critical
103.2553,0.5284,31.8433,1.2426,72.758,medium
98.8158,0.1763,7.5896,1.3101,52.7778,low
236.3458,0.8138,40.112,0.5077,90.1508,high
160.8641,0.5706,41.5612,0.4766,84.9519,high
115.8416,0.0573,8.887,1.8188,50.771,low
83.6637,0.2081,12.9179,1.3902,32.3442,low
118.2936,0.28,11.6798,1.4069,60.9783,low
96.4005,0.0125,20.2067,1.6543,44.5657,low
221.5234,0.5997,34.8232,0.3038,85.4189,high
97.2927,0.4749,37.9459,0.6916,75.045,medium
94.3783,0.1593,20.9042,0.8371,31.3563,low
96.887,0.2927,7.1387,1.3379,56.7345,low
113.9717,0.5177,35.3754,0.5488,89.7932,medium
66.2849,0.302,11.1329,0.8326,42.9107,low
142.3072,0.4922,18.0704,0.5727,87.7758,medium
202.5527,0.5713,34.3229,0.6215,83.0247,high
209.1138,0.6605,44.4091,0.7438,83.981,high
271.2137,0.8536,46.8774,0.459,87.4926,critical
123.8238,0.3052,30.0104,1.0254,75.4986,medium
166.2529,0.8106,49.0727,0.3523,83.7681,high
232.8426,0.9748,40.6328,0.5834,95.1013,critical
232.9981,0.8594,49.7556,0.1355,92.9979,critical
119.6553,0.5875,35.892,0.7083,88.3287,medium
199.6307,0.7817,28.7759,0.2393,84.771,high
75.6475,0.0444,5.6552,1.7957,42.3242,low
118.1308,0.2594,28.8063,1.196,74.8913,medium
261.0653,0.7857,51.1722,0.0178,88.1006,critical
92.4148,0.0579,11.1472,1.0693,61.5097,low
109.5391,0.4129,16.0211,0.6412,74.2268,medium
279.7107,0.9656,50.2625,0.0944,99.6473,critical
102.8336,0.3659,25.3711,1.3757,82.7718,medium
228.8076,0.7346,51.5435,0.4308,84.5713,high
193.7746,0.73,51.92,0.5662,79.4085,high
88.8639,0.0229,13.0936,1.8381,32.3504,low
234.3372,0.8007,31.1635,0.8665,88.1105,high
231.6826,0.6395,50.9827,0.6566,91.8271,high
193.5665,0.7881,40.1399,0.273,78.2777,high
89.1445,0.267,11.7945,0.8974,47.5845,low
104.4868,0.0419,16.2199,1.6498,45.9792,low
83.1443,0.2177,12.0833,1.0225,40.7961,low
158.1466,0.4662,20.2508,0.7447,83.3243,medium
167.324,0.5779,18.1638,1.2778,83.6193,medium
237.5764,0.7818,33.9885,0.5841,79.043,high
56.3034,0.2208,17.6649,1.9266,39.2216,low
259.5896,0.8661,43.9962,0.1952,90.4146,critical
247.7718,0.9084,46.3465,0.4309,92.4671,critical
245.5974,0.9455,55.2024,0.008,88.3652,critical
276.1529,0.9715,55.4344,0.2022,85.0798,critical
293.1909,0.7819,38.4967,0.4911,87.1732,critical
186.4296,0.7368,42.69,0.6654,91.1879,high
58.1972,0.274,15.5182,1.9883,46.7177,low
281.9563,0.8372,54.0438,0.2189,95.4239,critical
262.4871,0.9959,48.4055,0.1575,91.353,critical
197.8373,0.6419,31.6405,0.3724,86.3943,high
150.8202,0.6529,36.8469,0.3467,75.0182,high
186.8991,0.7193,31.8839,0.4416,84.0654,high
252.1138,0.7962,39.9972,0.4032,82.3022,high
275.8455,0.8308,42.9138,0.0396,89.4766,critical
160.5817,0.4917,24.6556,0.6738,78.1703,medium
96.0504,0.0366,12.8494,1.5668,53.2825,low
96.3342,0.2055,13.327,1.8174,36.5269,low
53.0663,0.3484,11.2277,1.3741,43.2243,low
241.2985,0.6219,40.1658,0.915,76.7009,high
95.0993,0.2995,24.9435,1.4416,81.1577,medium
272.2535,0.8268,46.5824,0.394,97.7433,critical
104.651,0.0815,16.4705,1.7158,46.7929,low
162.2936,0.5219,33.5046,1.1802,73.517,medium
87.5248,0.3115,17.8442,0.9621,46.5074,low
81.2141,0.3482,36.4977,1.4735,80.1322,medium
137.1213,0.3166,30.3742,1.4962,72.1854,medium
105.0245,0.2931,10.4257,1.3517,34.9574,low
139.5858,0.5998,19.0988,0.7853,79.2526,medium
257.8269,0.6864,40.0512,0.352,80.5421,high
56.6567,0.2654,8.1894,0.8007,60.3883,low
70.183,0.028,18.2286,1.7021,49.1446,low
249.6849,0.9867,52.6415,0.5101,89.3792,critical
81.4553,0.3034,6.967,1.9574,54.9755,low
56.6534,0.3365,7.0128,1.7116,30.8315,low
228.9042,0.7756,48.5478,0.9639,93.1619,high
51.2486,0.1379,7.9944,1.4376,42.892,low
106.2887,0.3159,11.5513,1.8602,46.8832,low
259.9324,0.8617,41.9516,0.027,86.6147,critical
175.013,0.5644,32.3963,0.8145,88.5161,high
178.8447,0.422,18.531,1.0489,89.1076,medium
240.2004,0.9867,41.0835,0.1598,89.8915,critical
241.2339,0.7969,49.7565,0.0705,88.368,critical
242.1711,0.9318,45.6912,0.4063,99.4997,critical
142.6159,0.4498,23.7616,1.3926,87.0112,medium
117.6362,0.0391,8.3233,1.6996,33.2907,low
109.105,0.5395,16.1915,0.9219,75.4588,medium
289.3793,0.9594,43.2857,0.3287,87.7924,critical
81.6482,0.3305,18.7807,1.0008,79.6296,medium
255.3894,0.8477,40.5781,0.569,88.4401,critical
155.3461,0.5163,20.0611,0.7364,83.034,medium
187.8187,0.7875,33.9958,0.7702,83.1007,high
258.2745,0.6478,47.461,0.4898,90.1365,high
151.3482,0.7026,45.3407,0.8965,85.0951,high
96.7882,0.0294,21.1997,1.9986,63.0896,low
247.4229,0.8295,44.9063,0.7101,75.4257,high
81.2309,0.1076,9.9184,1.9392,50.0183,low
169.5164,0.2837,19.8581,0.4213,86.218,medium
53.0433,0.089,11.0974,1.0037,44.7078,low
252.9652,0.7455,50.8492,0.2005,85.0956,high
91.9715,0.181,7.7777,1.1154,35.2545,low
250.8365,0.5677,40.8352,0.2814,91.1739,high
186.4994,0.7997,44.7651,0.8603,75.4143,high
86.4209,0.4564,31.2253,1.3649,83.1183,medium
254.6259,0.838,46.045,0.5957,94.413,critical
81.9043,0.1936,7.6174,1.1036,48.1709,low
99.0186,0.2937,16.1438,1.233,52.1324,low
84.5794,0.1441,14.3871,1.6965,43.4809,low
50.9755,0.0991,5.4518,1.3687,41.3143,low
105.0847,0.0633,9.6776,1.1636,45.8378,low
117.5278,0.5914,25.8319,0.6858,75.4975,medium
52.1572,0.1283,5.3949,1.3726,39.0592,low
265.5381,0.793,38.1871,0.1772,92.6564,critical
233.8246,0.9952,50.1238,0.2452,95.4784,critical
72.115,0.1586,7.997,1.1454,34.9736,low
83.7612,0.2496,12.2212,1.908,57.0879,low
122.0084,0.4768,19.4232,1.2561,85.8479,medium
142.6766,0.5147,29.925,0.8893,73.7506,medium
90.6743,0.0129,6.6184,1.5707,64.6783,low
96.5019,0.1746,9.1515,1.8679,43.7143,low
296.1468,0.9872,44.1815,0.3859,97.4804,critical
296.2583,0.8175,42.0179,0.0666,99.7908,critical
123.6989,0.5735,27.5143,1.2289,70.5926,medium
274.2756,0.8245,51.1331,0.0975,98.8571,critical
140.6251,0.447,20.3872,0.6656,73.2125,medium
75.9646,0.2512,19.6336,1.8212,39.4619,low
76.1929,0.2732,20.1022,1.3714,43.5854,low
118.6143,0.2486,20.5116,1.0416,31.7176,low
280.1436,0.7805,46.6686,0.5845,87.6384,critical
154.779,0.4873,31.2436,0.9348,70.4652,medium
176.961,0.7151,45.9996,0.8707,89.9544,high
56.1355,0.2218,18.873,1.0106,47.311,low
230.9876,0.7856,39.2438,0.0494,90.0505,critical
132.9625,0.3497,31.6689,1.355,70.9907,medium
246.3398,0.7328,50.0747,0.1733,75.9283,high
68.6109,0.3162,18.5577,1.6133,58.243,low
52.8106,0.2703,8.4989,1.654,54.4046,low
54.0812,0.2982,19.5177,0.9304,43.6461,low
265.0398,0.9888,56.8115,0.5197,86.8125,critical
228.3729,0.5968,36.45,0.1885,86.5111,high
83.4471,0.2701,30.1906,0.4025,88.408,medium
284.5539,0.9941,40.8876,0.2285,91.0635,critical
299.4351,0.9922,39.4737,0.1027,89.1832,critical
252.392,0.8628,58.5941,0.3655,87.5192,critical
90.0522,0.2751,17.033,0.7114,88.4393,medium
141.0407,0.4244,37.9141,0.987,72.062,medium
58.2935,0.057,20.3508,1.8206,56.1825,low
106.3053,0.2444,6.6857,1.6953,60.6694,low
297.5118,0.9,50.5249,0.071,93.5561,critical
60.7529,0.0109,21.6368,0.8889,47.7687,low
208.3523,0.6086,34.3009,0.8974,81.1737,high
100.3624,0.1213,18.4425,1.4854,31.3846,low
284.5025,0.8372,42.892,0.1209,92.602,critical
127.1881,0.5946,22.9546,0.7246,75.6249,medium
79.8117,0.2944,20.8043,1.3394,42.0884,low
232.2256,0.6874,39.78,0.2073,82.9494,high
233.8853,0.9131,47.4203,0.0493,90.3392,critical
71.1058,0.0026,14.9613,1.8009,61.5032,low
75.9322,0.2243,20.4205,1.646,44.7448,low
231.3938,0.6431,34.3985,0.4564,92.2181,high
255.75,0.9947,53.1539,0.0748,99.9365,critical
53.815,0.3061,15.6418,0.8214,50.4042,low
130.3179,0.3742,31.7961,1.1469,76.8953,medium
232.1427,0.9935,57.3694,0.3855,96.5163,critical
277.0706,0.9362,41.5818,0.2352,90.4088,critical
104.1769,0.2578,6.0551,1.6062,59.4956,low
224.9968,0.6933,32.9074,0.5501,77.772,high
182.4012,0.5702,32.7464,0.203,79.8662,high
206.0988,0.6787,36.8251,0.1977,81.4121,high
165.1398,0.7452,39.653,0.1311,75.5109,high
106.9814,0.0367,20.7059,1.282,53.8012,low
183.7844,0.7935,36.0281,0.7824,85.9112,high
127.2144,0.5535,22.4068,1.0729,72.2273,medium
275.6133,0.8416,47.0261,0.0331,88.0701,critical
175.2618,0.8415,37.426,0.132,82.2565,high
96.1782,0.5859,36.6171,1.4981,82.8817,medium
295.29,0.8755,39.1724,0.3256,97.2842,critical
255.3352,0.8487,46.4741,0.4426,88.6545,high
248.0977,0.8263,50.8495,0.28,95.6968,critical
195.3315,0.835,28.493,0.1047,78.0538,high
119.7924,0.3358,8.2192,1.5279,58.202,low
248.6165,0.8158,45.9027,0.465,88.7605,critical
178.852,0.7479,34.6927,0.6001,92.2491,high
187.3652,0.6631,48.9527,0.7319,85.3895,high
104.5126,0.3371,7.3516,1.0823,51.2286,low
105.5125,0.3002,29.1481,0.4766,87.1315,medium
219.5452,0.7681,30.1328,0.7955,83.5965,high
126.5212,0.3923,21.227,0.4647,73.5785,medium
89.5665,0.2953,9.3368,1.8677,47.6422,low
161.5045,0.2636,23.4351,1.1215,86.1117,medium
221.6038,0.6254,38.3966,0.467,85.9327,high
116.8936,0.3359,15.9869,1.4762,36.6516,low
68.6883,0.3003,10.4663,1.3566,62.5235,low
253.1096,0.6969,36.367,0.8775,78.4413,high
72.0108,0.132,18.7525,1.9821,38.7799,low
192.3274,0.6897,36.1897,0.7761,77.0068,high
185.0867,0.7852,30.3011,0.2855,89.5439,high
285.3193,0.9339,53.8695,0.3123,98.6428,critical
244.6473,0.7216,48.3491,0.8172,92.08,high
298.9167,0.8195,39.1131,0.3121,87.9287,critical
255.1974,0.7904,39.0716,0.4137,91.3405,high
81.527,0.0405,12.8387,1.6942,54.0637,low
93.1416,0.1188,8.4317,1.91,50.4817,low
97.0392,0.2883,25.0978,0.8937,73.3471,medium
102.221,0.0799,19.4905,1.4943,48.2693,low
134.9673,0.5728,31.3964,0.6476,82.0533,medium
109.5374,0.2396,5.767,1.3355,32.5152,low
172.2864,0.4271,27.5814,1.3625,83.6498,medium
85.9991,0.304,19.7691,1.0514,79.4876,medium
274.9608,0.9105,45.5608,0.2114,89.1968,critical
194.6539,0.7542,47.644,0.8687,78.7386,high
90.0689,0.1878,18.1031,1.5377,60.5546,low
203.9438,0.7739,28.6737,0.4527,81.7981,high
269.5805,0.9048,42.2467,0.2579,88.6703,critical
163.6565,0.7472,36.2967,0.2731,85.1565,high
104.7947,0.2572,17.4381,0.4494,77.2181,medium
148.3015,0.4579,28.1217,0.7928,79.1004,medium
137.5295,0.3627,25.148,1.1208,82.7668,medium
279.223,0.7912,59.4835,0.0136,85.5421,critical
173.0711,0.2973,29.2626,0.5613,78.8506,medium
109.8759,0.2892,35.8588,0.436,88.3226,medium
130.9735,0.4724,21.9824,1.3037,77.3221,medium
168.9374,0.5792,39.9598,0.6607,81.5343,high
83.2149,0.2829,16.0898,1.3731,79.5699,medium
257.6207,0.7053,35.6527,0.1574,79.1057,high
178.1191,0.7322,35.1061,0.1234,76.5052,high
241.8439,0.6183,43.6039,0.19,88.7555,high
243.6806,0.8024,38.9436,0.9931,79.3497,high
75.4934,0.3427,11.8849,1.9827,40.6918,low
87.0114,0.316,17.9575,0.8446,76.8069,medium
246.1148,0.8872,56.348,0.3144,93.6063,critical
105.9471,0.3074,12.8825,1.1443,47.5231,low
108.3466,0.3554,18.6379,1.1244,76.365,medium
115.1411,0.283,20.2023,0.5427,81.7062,medium
126.0037,0.2964,37.4241,0.5891,84.9189,medium
171.7988,0.7756,49.0398,0.2545,86.8923,high
126.9133,0.4037,36.9385,1.3962,82.5331,medium
243.253,0.8339,40.9961,0.4337,86.287,critical
246.8577,0.5628,34.1091,0.638,80.0221,high
241.681,0.8709,47.139,0.2913,92.665,critical
184.3872,0.5825,34.2641,0.2151,92.9942,high
252.901,0.8423,39.2628,0.1367,98.4216,critical
178.3934,0.7779,38.3054,0.7997,91.2148,high
245.7354,0.9834,38.7772,0.1551,85.8706,critical
286.8293,0.7915,49.9983,0.4972,86.9987,critical
170.2554,0.7338,38.0979,0.1133,81.9269,high
102.1823,0.4898,15.9043,1.4068,86.9092,medium
104.8729,0.1192,10.6799,1.8475,31.0874,low
242.0931,0.6585,37.4129,0.559,88.9735,high
82.8292,0.3522,24.9104,0.4034,78.5606,medium
162.3515,0.7713,41.4575,0.5545,92.3573,high
124.7276,0.4852,29.049,1.1775,76.1296,medium
236.0991,0.8603,38.8364,0.5506,94.5856,critical
89.8119,0.1716,8.4429,1.3975,46.6207,low
74.2809,0.1304,17.3733,1.6285,62.4984,low
218.3629,0.6674,32.5434,0.1213,83.0184,high
168.1907,0.3368,15.8286,0.8092,75.0182,medium
231.6663,0.8678,43.4172,0.4522,87.1134,critical
175.5861,0.5305,15.7149,0.4648,84.0806,medium
194.5218,0.5812,33.9443,0.6641,90.49,high
107.7198,0.2796,31.518,0.9922,72.6129,medium
277.8836,0.8387,52.8668,0.3605,96.6651,critical
67.7368,0.2389,11.2897,1.5699,59.2436,low
100.2432,0.1379,16.9985,0.9527,64.5515,low
219.8509,0.6345,48.1273,0.4082,76.9087,high
178.6698,0.5092,36.2662,0.7953,83.8399,medium
161.2516,0.4273,36.519,1.3241,85.7363,medium
237.2197,0.8785,54.5437,0.3317,85.1588,critical
71.3293,0.2128,13.6393,1.0635,31.7633,low
219.5828,0.6657,37.6365,0.7963,78.3693,high
188.7245,0.7502,39.2474,0.7429,82.0191,high
289.2853,0.9154,45.9552,0.2164,85.953,critical
161.3916,0.3739,22.1127,0.8818,72.5248,medium
67.9176,0.3492,9.3767,1.712,47.5938,low
180.4484,0.6048,45.5969,0.3802,86.4169,high
65.8837,0.0581,12.4809,1.7781,51.048,low
93.9499,0.4566,32.3503,0.5248,88.0236,medium
60.6618,0.3246,9.0838,1.0342,42.6455,low
245.0305,0.8725,42.7923,0.1677,89.2683,critical
152.1691,0.6744,44.2565,0.5447,82.6442,high
101.6794,0.3985,24.4831,0.5867,81.0884,medium
232.8474,0.8091,50.0625,0.4338,77.9953,high
276.1368,0.9045,38.7933,0.0078,98.727,critical
190.0793,0.5528,42.5673,0.823,89.6117,high
150.4098,0.6109,30.3287,0.4392,89.1412,high
250.6259,0.9105,41.4562,0.5951,92.7516,critical
237.3364,0.9243,38.0537,0.3521,91.6953,critical
85.8917,0.0983,16.263,1.4241,47.451,low
55.9145,0.1467,19.9285,1.7231,49.8711,low
248.441,0.7808,42.949,0.6022,78.0962,high
60.8003,0.2702,17.5547,0.9769,48.5654,low
154.1653,0.849,44.6948,0.8565,88.5962,high
154.4919,0.5683,47.5283,0.9527,89.6175,high
275.3751,0.788,46.4522,0.4442,97.2964,critical
121.8277,0.3678,35.2795,0.9039,86.0134,medium
116.703,0.1428,6.5769,1.8409,47.5879,low
210.8026,0.6895,32.6724,0.5299,85.2996,high
187.8955,0.8202,31.5691,0.2108,91.7944,high
238.4437,0.7759,36.5684,0.919,86.6066,high
259.0685,0.9401,39.5357,0.2847,88.5163,critical
133.3387,0.4289,34.9049,1.2167,77.7479,medium
95.3564,0.2628,18.9776,1.609,44.0748,low
171.3381,0.2623,31.4431,1.1265,89.6128,medium
220.7808,0.6741,40.9009,0.3406,81.3733,high
155.1066,0.7056,30.9866,0.7342,78.9885,high
96.5993,0.4088,26.1369,1.0787,88.2547,medium
102.5297,0.59,16.9517,0.7743,73.9335,medium
136.5466,0.2699,24.5922,0.4782,72.1473,medium
115.3116,0.0212,8.6396,1.8399,56.198,low
135.5042,0.4314,28.1911,1.2056,76.8652,medium
276.6292,0.9558,38.7017,0.5738,90.0925,critical
292.0852,0.9561,38.1148,0.2519,88.4716,critical
185.7227,0.8236,38.8307,0.6398,91.2604,high
160.6288,0.7898,48.7898,0.6106,86.3635,high
252.5719,0.7184,29.9235,0.4005,89.2263,high
293.1327,0.9337,57.9229,0.3661,90.4133,critical
146.6833,0.2766,26.4331,1.0334,82.6206,medium
158.0499,0.7348,48.3052,0.2416,86.8438,high
206.425,0.6241,48.8806,0.7213,90.394,high
56.7474,0.2563,21.9764,1.3159,41.9538,low
275.3884,0.9649,44.911,0.2189,91.6332,critical
145.4996,0.5061,34.2556,1.4011,81.0752,medium
232.091,0.8176,39.0449,0.5293,78.7392,high
169.1831,0.7048,38.2131,0.7147,81.8095,high
94.6547,0.2984,18.2765,0.6211,74.5005,medium
159.8351,0.5148,17.096,0.9383,85.6618,medium
167.503,0.7513,34.3879,0.7495,84.6902,high
222.3532,0.5571,46.3172,0.7383,93.106,high
291.1548,0.9445,55.5578,0.0278,94.8623,critical
240.9314,0.5671,44.5623,0.7512,87.2029,high
134.8398,0.3209,37.4122,1.3262,87.197,medium
295.4744,0.9103,59.6809,0.0149,98.9184,critical
118.0236,0.2615,24.7524,0.6012,74.0338,medium
107.2045,0.3075,18.8477,0.4739,88.186,medium
179.0872,0.2545,33.4414,0.4783,81.8074,medium
56.4205,0.329,10.9143,1.8871,51.8666,low
114.4679,0.3216,14.8066,0.9441,49.6703,low
69.6969,0.1767,10.4777,1.0702,48.5753,low
284.3483,0.8272,48.8016,0.0645,85.7214,critical
68.9531,0.1575,8.3171,1.7893,46.8481,low
81.8023,0.3084,7.6479,1.0124,64.6936,low
80.4568,0.3204,12.8996,1.674,44.4693,low
184.7856,0.7295,46.7021,0.9307,76.6206,high
257.7672,0.8042,44.0285,0.1831,93.8463,critical
172.1325,0.5582,32.9844,0.5744,79.8407,high
174.1028,0.6435,44.9377,0.1566,81.7698,high
171.3318,0.2666,37.9465,0.7555,89.5609,medium
82.9767,0.0853,15.371,1.5362,39.3033,low
259.0538,0.7058,47.3079,0.7954,88.054,high
82.0261,0.5493,17.565,0.9632,83.9176,medium
232.0474,0.695,51.7866,0.152,75.4114,high
297.9362,0.87,41.7839,0.2013,87.6293,critical
111.2503,0.2705,19.7245,1.2153,60.1121,low
59.0945,0.1838,10.8202,1.7387,62.9841,low
292.9671,0.831,39.7199,0.585,86.6608,critical
119.4084,0.2999,35.4703,1.346,79.0954,medium
234.0978,0.9943,59.3345,0.4004,92.2971,critical
255.6584,0.5612,33.4146,0.4444,75.919,high
151.0001,0.5682,18.2061,0.6616,74.1656,medium
296.4946,0.8974,58.7613,0.193,94.8167,critical
150.6696,0.3743,33.3033,0.9907,72.6241,medium
66.8679,0.3139,11.6796,1.8958,49.7352,low
150.8862,0.5476,24.9016,0.9617,78.1585,medium
118.6019,0.2721,8.8408,1.4604,51.2169,low
130.0983,0.2641,35.2012,1.0111,72.8457,medium
145.2787,0.2778,37.7281,1.4551,80.0332,medium
253.7598,0.9268,55.3475,0.5568,85.8498,critical
265.8833,0.9447,44.5771,0.2882,95.3554,critical
119.3457,0.4768,31.3212,1.0123,82.1035,medium
56.3309,0.3156,19.3166,1.8847,44.5919,low
241.0717,0.7223,43.3203,0.184,79.4636,high
153.9075,0.5464,27.5346,1.0061,78.0434,medium
256.1057,0.8512,38.3182,0.0875,89.4309,critical
99.7482,0.3058,23.4066,1.0485,72.7205,medium
62.3741,0.1009,21.674,1.8022,30.4944,low
104.3738,0.0482,14.2394,1.6698,48.4673,low
298.9331,0.9309,46.1078,0.2053,86.6151,critical
98.3318,0.5884,18.2969,0.659,82.4247,medium
83.1581,0.4743,36.5177,1.3982,83.9984,medium
295.0837,0.8535,57.0856,0.3166,86.6194,critical
85.0731,0.0087,12.7597,1.0038,46.3278,low
156.7507,0.5208,20.4342,0.9715,72.7321,medium
231.3786,0.9176,40.3248,0.4897,87.0623,critical
233.567,0.9685,42.828,0.4421,91.1931,critical
88.0785,0.4211,32.2802,0.9838,79.6507,medium
75.246,0.3477,10.9105,1.8148,58.6808,low
213.5073,0.7623,33.044,0.4554,82.4559,high
166.1029,0.5975,32.4229,0.6025,81.6361,high
114.8735,0.2947,15.1948,1.0383,40.0308,low
107.778,0.0973,14.0933,1.587,39.0166,low
89.9863,0.3446,20.7551,1.0956,37.1526,low
218.5933,0.7487,39.6813,0.6177,88.674,high
224.9772,0.5817,31.2657,0.1529,80.1464,high
285.0745,0.9877,50.4815,0.2244,97.0522,critical
174.8646,0.3183,15.8949,0.4888,79.4325,medium
293.1973,0.9407,55.3586,0.423,89.8139,critical
238.6591,0.9068,44.6944,0.1304,90.3652,critical
131.1144,0.3509,23.7724,0.9426,84.5719,medium
123.1318,0.2906,21.3871,0.4752,84.6274,medium
103.8053,0.1389,18.1686,0.8421,31.486,low
88.8439,0.5744,29.2619,0.883,79.6182,medium
298.6829,0.8875,49.5406,0.0759,93.3262,critical
57.3695,0.3256,18.9368,1.9668,57.7785,low
93.0066,0.1984,19.5459,0.9142,54.1417,low
296.3885,0.8731,48.7973,0.1032,90.3017,critical
233.9289,0.5503,38.2208,0.7686,92.6052,high
163.6641,0.4981,32.3735,1.0031,76.0064,medium
223.2797,0.58,39.8764,0.2816,80.022,high
182.039,0.8443,29.408,0.5225,93.3835,high
164.112,0.583,30.2271,1.2724,74.2869,medium
267.9015,0.814,53.2695,0.2825,94.972,critical
171.911,0.4936,22.5191,1.3764,80.0751,medium
206.0329,0.6049,50.5015,0.6498,91.7028,high
200.5095,0.7776,32.4641,0.2102,93.6619,high
165.5533,0.6359,45.6635,0.2559,78.4237,high
298.0985,0.9011,56.1848,0.383,93.9758,critical
136.3316,0.5098,34.9695,0.6127,78.276,medium
117.9489,0.0538,21.8607,1.8594,30.4822,low
103.4746,0.2567,13.8478,1.0687,47.1114,low
229.1652,0.7147,43.754,0.5931,87.4783,high
188.1656,0.7537,50.8488,0.4043,82.6476,high
261.618,0.8921,55.0913,0.2406,99.368,critical
59.6186,0.0044,6.7188,0.8386,35.9612,low
104.0476,0.1299,15.4078,1.5325,55.1423,low
59.3866,0.3209,13.46,1.2428,48.1914,low
58.6628,0.0357,14.5896,1.5276,62.5371,low
94.9184,0.2969,25.9142,0.4575,79.3122,medium
150.4894,0.6468,35.4784,0.3476,81.0665,high
250.9495,0.797,52.5234,0.277,87.7204,critical
208.4957,0.7112,44.8777,0.2336,93.5543,high
293.3028,0.9543,41.4737,0.2087,93.233,critical
76.6715,0.2095,9.3827,1.2835,37.4841,low
227.207,0.7858,46.7881,0.6299,75.0245,high
182.3755,0.5944,50.0461,0.7294,87.6415,high
187.8034,0.7254,42.7903,0.4913,90.9021,high
293.0337,0.7995,47.4887,0.5161,89.9025,critical
170.2328,0.5688,36.3855,0.4819,77.4018,high
161.9658,0.4443,21.8865,0.5292,78.0042,medium
240.2611,0.905,59.0516,0.0357,92.4426,critical
145.5114,0.501,17.1904,0.9268,73.3678,medium
88.7825,0.0832,7.6099,0.962,57.9728,low
244.8008,0.6925,31.3505,0.4546,75.1947,high
283.8378,0.8712,49.6895,0.4705,97.6929,critical
263.5395,0.9812,48.21,0.0648,87.4802,critical
118.5414,0.4017,31.0573,1.0652,83.691,medium
82.6017,0.3277,32.612,0.8064,83.5581,medium
161.2297,0.4773,30.739,1.0759,77.4718,medium
255.8963,0.8449,37.1677,0.3802,87.5161,high
214.1843,0.7376,47.1044,0.6,93.694,high
261.5611,0.9278,52.4441,0.2384,96.1107,critical
221.5879,0.574,49.238,0.1396,91.7959,high
65.7915,0.0175,12.9731,1.6315,58.0947,low
83.0995,0.3445,26.8293,1.2801,84.0747,medium
211.9254,0.7891,31.761,0.8364,88.5447,high
205.6763,0.5706,28.01,0.3403,87.3852,high
129.2463,0.3617,19.7525,1.1852,74.1745,medium
91.9448,0.5167,37.7226,1.4227,87.5485,medium
143.0152,0.265,24.5607,0.9614,75.4255,medium
257.5993,0.9654,54.439,0.0206,93.0112,critical
289.263,0.9813,52.5038,0.3363,90.6335,critical
251.3742,0.826,49.0947,0.0393,89.1256,critical
222.4277,0.815,47.313,0.6946,85.6111,high
163.5863,0.3735,20.0958,0.4928,79.8216,medium
103.0964,0.2625,7.346,0.8052,39.2601,low
89.3109,0.5644,19.8575,1.2613,74.1887,medium
232.2202,0.9271,49.1318,0.2784,91.7185,critical
213.9486,0.6654,28.7934,0.6416,90.939,high
102.1954,0.5805,25.946,0.5119,81.8723,medium
93.9116,0.0143,20.0424,0.8464,38.4087,low
119.4426,0.2746,18.6462,1.3985,87.6417,medium
288.0215,0.9368,55.8976,0.076,96.8154,critical
122.8593,0.5164,16.4217,0.4224,71.0606,medium
112.8857,0.0715,10.8504,1.7994,48.2505,low
58.0843,0.0387,13.4769,0.9591,55.3201,low
172.6949,0.3661,16.9075,0.407,87.4019,medium
127.1792,0.4467,21.0616,1.0241,73.0747,medium
85.4054,0.4977,27.3819,1.0804,83.2981,medium
121.0441,0.4929,27.9675,0.9229,75.8675,medium
77.1235,0.1374,8.3628,1.0891,45.5728,low
215.707,0.5965,44.8916,0.4151,90.633,high
256.1121,0.9202,38.7801,0.1473,96.8463,critical
162.1881,0.2509,24.731,1.3355,87.0989,medium
107.457,0.2535,15.0444,1.196,74.438,medium
84.8875,0.4985,33.8098,1.3487,78.9316,medium
163.4941,0.5801,38.4726,0.5045,78.7173,high
296.6451,0.7813,52.1301,0.1273,92.2136,critical
56.5924,0.1821,15.7488,1.7745,34.0565,low
168.33,0.7378,31.7543,0.8897,85.0429,high
257.9456,0.9826,54.5155,0.4124,90.5686,critical
60.071,0.0484,21.127,0.908,33.2475,low
298.3669,0.9957,55.4689,0.2082,94.4847,critical
297.701,0.8222,39.4122,0.3743,96.9123,critical
63.5129,0.1447,6.0766,1.012,48.8803,low
234.3548,0.5838,41.6602,0.6213,86.3746,high
166.4463,0.753,36.5856,0.7819,93.8758,high
107.047,0.5591,15.9187,0.4274,70.2151,medium
279.9016,0.9434,57.4782,0.2431,88.552,critical
110.0301,0.0441,19.0554,1.6097,45.2648,low
254.7016,0.6496,36.6163,0.4191,76.7379,high
252.5091,0.847,54.2145,0.597,94.5937,critical
75.7258,0.2046,5.0785,1.0845,36.3247,low
51.5128,0.0104,20.1815,1.7633,33.2645,low
248.3718,0.6804,50.0422,0.925,88.8377,high
250.2084,0.7558,42.3685,0.6673,86.4273,high
134.5205,0.5542,22.4134,0.432,86.9734,medium
63.9936,0.1643,16.3534,0.9571,64.5677,low
250.8831,0.98,55.5816,0.5518,94.4376,critical
158.4709,0.487,37.1234,1.0635,86.0855,medium
162.6411,0.3349,25.8142,0.9215,84.8029,medium
229.3737,0.6029,49.0174,0.3954,93.1872,high
251.9031,0.6181,46.3041,0.2128,92.0312,high
190.3009,0.6271,42.4596,0.8256,88.6407,high
78.2824,0.0886,20.9234,1.1747,45.6188,low
145.0812,0.4065,18.3346,0.7065,71.416,medium
154.458,0.2933,19.6724,0.9214,72.489,medium
80.962,0.1827,11.753,0.8659,49.4339,low
121.9765,0.5613,31.2671,0.5896,80.3146,medium
114.1444,0.0177,13.4391,1.9136,31.1407,low
94.2165,0.2895,12.6438,1.0372,43.0801,low
108.5312,0.2702,19.2428,1.4107,89.9382,medium
63.263,0.0732,16.0002,1.3773,57.3987,low
94.9228,0.4332,31.2121,0.4214,73.5977,medium
244.1089,0.9837,57.06,0.1881,95.4,critical
101.9993,0.5471,22.5404,1.2156,78.2797,medium
263.8413,0.8239,51.1445,0.4361,87.3745,critical
108.5828,0.0387,6.6029,0.8862,40.4094,low
179.939,0.5513,20.0103,0.7355,77.7934,medium
117.7282,0.2517,28.6201,1.3315,87.3137,medium
147.4153,0.4479,36.3405,1.4518,71.3043,medium
296.8341,0.9851,58.8482,0.4258,93.9874,critical
183.2256,0.5804,31.7084,0.2063,80.1935,high
209.7162,0.5661,51.7545,0.601,88.1585,high
110.7417,0.1713,9.5017,1.5627,36.8936,low
153.4405,0.7894,38.7946,0.4144,78.9157,high
173.52,0.7806,28.1301,0.6247,83.718,high
101.6633,0.3168,27.0707,1.3863,89.3389,medium
287.1369,0.9988,41.7436,0.0174,93.643,critical
89.604,0.2781,13.0845,0.9807,51.3031,low
57.6003,0.2985,14.0753,1.9326,51.0844,low
176.9794,0.5263,17.9837,0.8562,73.1814,medium
112.0837,0.3651,23.9921,0.4571,72.5065,medium
177.6004,0.5724,48.3028,0.3572,80.3208,high
122.2495,0.3176,27.895,0.5678,82.457,medium
153.9172,0.2782,17.1748,1.2875,76.9574,medium
250.5208,0.8313,43.3643,0.55,87.1026,critical
179.5555,0.407,22.0558,0.5991,81.5175,medium
265.6317,0.9736,47.7435,0.4212,89.783,critical
54.4672,0.2599,19.3821,1.9473,31.1215,low
60.1167,0.0297,16.6648,1.0266,41.4773,low
229.575,0.8324,50.9129,0.2995,81.4565,high
230.4533,0.5763,29.4239,0.7506,89.0557,high
236.11,0.8949,58.0844,0.3337,87.6948,critical
138.8146,0.5575,34.0589,0.5519,79.6992,medium
141.3605,0.4048,17.0088,0.9051,88.2133,medium
241.2538,0.9237,46.1104,0.5854,85.2324,critical
115.5769,0.0996,12.6284,1.7443,34.0315,low
242.7048,0.7188,38.6808,0.4474,77.9683,high
110.9544,0.5496,16.8556,1.4957,84.0754,medium
277.4505,0.7974,46.1873,0.0825,92.1489,critical
285.5379,0.9717,42.1094,0.2769,91.3845,critical
141.4199,0.366,18.2935,1.1832,87.1432,medium
112.3555,0.0235,17.7753,1.6937,57.4653,low
59.4187,0.111,14.5654,1.5483,56.4776,low
80.1993,0.2237,19.5559,1.1421,49.3289,low
243.7284,0.8483,55.6582,0.5866,95.9525,critical
276.6292,0.9914,45.7039,0.4471,94.1892,critical
245.3542,0.9082,51.1672,0.4907,96.6064,critical
296.0889,0.985,41.9715,0.5681,90.2004,critical
102.6699,0.282,18.9599,0.898,75.9708,medium
283.7822,0.9502,51.1315,0.4492,94.1138,critical
205.3495,0.8138,31.2753,0.9085,88.4482,high
79.9532,0.1628,12.4233,1.3567,35.0053,low
96.1596,0.1046,5.0088,1.816,39.6573,low
178.7428,0.8191,47.0005,0.1076,90.5812,high
257.1643,0.6373,37.9743,0.3515,93.1637,high
88.8209,0.1099,16.5276,0.9329,39.7873,low
297.3073,0.9705,43.0748,0.1733,90.3229,critical
199.8026,0.7004,28.3083,0.6807,80.7681,high
240.5017,0.9564,46.584,0.0582,86.4109,critical
176.9932,0.4113,26.0418,0.6656,89.6003,medium
248.7655,0.9642,43.6555,0.0266,86.3292,critical
90.5942,0.5706,35.2277,0.896,81.4859,medium
233.8658,0.8584,39.0843,0.5751,95.5107,critical
198.1189,0.7211,50.7705,0.3736,85.5141,high
275.7849,0.8312,59.8268,0.4072,88.9596,critical
267.2771,0.9506,52.9838,0.0053,93.6902,critical
171.402,0.5271,24.1072,1.307,84.2928,medium
232.0587,0.9046,58.6216,0.2513,86.8396,critical
67.4571,0.2112,15.7635,0.9842,54.6322,low
115.329,0.4239,32.9023,1.0482,79.5843,medium
296.3389,0.8723,44.6515,0.1543,88.3711,critical
114.7366,0.0144,20.1345,0.8663,38.8658,low
82.6705,0.3355,21.1081,1.2292,58.3606,low
233.655,0.8873,40.2639,0.0386,90.6089,critical
85.3172,0.0422,13.7678,1.5241,53.2521,low
250.0875,0.8043,47.8698,0.1484,94.4761,critical
200.1084,0.8028,51.4299,0.6478,75.6547,high
57.4128,0.1806,6.0113,1.2757,52.8806,low
83.2993,0.0573,11.9387,1.6976,30.7794,low
83.2936,0.4154,19.6062,1.2802,72.2161,medium
259.8781,0.637,37.3182,0.8612,93.2846,high
225.6621,0.7088,41.3648,0.6417,93.9974,high
85.5847,0.0727,7.8708,1.4118,41.8507,low
258.5848,0.8051,38.2514,0.3121,96.0373,critical
289.392,0.8907,45.0261,0.3725,94.3056,critical
147.1404,0.5524,36.9026,0.5473,79.0616,medium
271.9907,0.8581,51.1797,0.1201,94.5917,critical
99.8383,0.3818,27.2907,1.2753,74.4186,medium
259.8194,0.9269,55.3136,0.0809,97.8925,critical
182.2132,0.5795,32.6918,0.6627,80.2281,high
200.0753,0.59,28.0947,0.8092,78.6686,high
201.54,0.7284,31.7796,0.8972,90.8758,high
283.9901,0.9405,53.2869,0.4962,86.2427,critical
283.3233,0.9942,42.5754,0.5487,97.2965,critical
210.9421,0.6742,32.9061,0.4665,83.6699,high
252.2288,0.7939,52.0812,0.0814,93.0067,critical
179.8228,0.5799,15.3584,0.919,78.737,medium
270.1704,0.9397,59.7337,0.43,90.8805,critical
57.5419,0.0962,5.5923,0.9943,45.6876,low
95.7025,0.5781,37.7488,0.5639,87.1735,medium
152.4919,0.571,45.267,0.9479,79.9512,high
147.9145,0.4019,29.4383,1.0059,75.493,medium
276.886,0.9462,51.3809,0.0599,85.4168,critical
120.1306,0.5704,36.9174,0.6148,83.6086,medium
147.3514,0.269,23.8866,0.5657,88.8235,medium
59.8174,0.2351,6.6336,1.1057,56.9565,low
232.34,0.8728,50.088,0.5331,85.6597,critical
244.0338,0.8729,47.864,0.5136,86.7732,critical
144.2317,0.5128,21.3957,1.0734,76.428,medium
205.004,0.7506,33.9258,0.3366,87.8587,high
202.7235,0.561,47.9977,0.1151,85.1614,high
289.5514,0.7875,57.0414,0.5903,89.3486,critical
117.8423,0.2522,19.266,1.7774,62.7918,low
179.7594,0.6293,31.675,0.7965,87.4239,high
231.2635,0.7948,47.5072,0.6369,77.9274,high
113.4359,0.3218,23.9803,0.9932,80.1152,medium
298.4424,0.9409,50.4315,0.5445,95.4016,critical
252.2368,0.6627,43.3641,0.4051,76.8027,high
96.5396,0.3175,7.3571,1.2431,59.4929,low
112.7313,0.3135,19.9442,1.129,31.1963,low
57.7412,0.1685,10.2811,0.9865,61.239,low
278.1521,0.8507,39.517,0.4233,96.7955,critical
97.4361,0.2743,13.2653,1.2948,45.493,low
256.8415,0.7934,46.6591,0.4448,93.1584,critical
197.4815,0.7425,44.4856,0.1026,93.155,high
267.4846,0.9272,55.239,0.3777,93.6211,critical
58.968,0.1729,17.3451,1.0586,35.3442,low
171.6663,0.583,30.8916,0.2346,79.6243,high
273.3167,0.8216,46.95,0.294,93.2114,critical
168.5481,0.8288,43.2427,0.5073,78.2402,high
99.6705,0.0857,19.6903,1.7156,52.4542,low
67.3488,0.168,15.5327,1.7741,50.5632,low
251.3354,0.6245,41.8971,0.8751,83.1464,high
177.4501,0.2762,22.1545,0.5984,74.4176,medium
246.8648,0.9137,48.5699,0.5456,87.6433,critical
96.1869,0.3504,31.502,0.9742,72.9947,medium
292.157,0.969,55.0022,0.36,92.2709,critical
279.4292,0.8745,55.0923,0.1438,85.5879,critical
173.1824,0.409,34.2168,0.8238,87.992,medium
105.658,0.3114,15.3226,1.552,32.3239,low
268.6782,0.837,42.6201,0.2682,99.6684,critical
71.7234,0.0166,10.5069,1.0541,46.0432,low
238.1429,0.8368,40.3719,0.0155,94.672,critical
219.7602,0.8037,37.0842,0.9428,75.7002,high
253.8342,0.7467,48.5039,0.1611,79.2511,high
107.8404,0.1405,7.4464,1.1192,52.968,low
58.3452,0.0416,6.8243,1.6797,55.3162,low
151.6623,0.3562,21.3612,0.8295,74.0133,medium
294.8857,0.9619,52.0512,0.5994,99.7908,critical
253.0589,0.8038,51.9551,0.2947,94.6967,critical
134.3309,0.5603,34.8647,1.4446,71.4098,medium
279.4675,0.8507,43.2214,0.5555,97.2179,critical
116.5185,0.5735,18.1936,0.6605,84.3333,medium
90.0721,0.1198,20.2448,1.9848,33.8787,low
271.2151,0.8496,59.8288,0.3361,90.7234,critical
218.8251,0.8107,38.1942,0.3886,85.3614,high
73.2098,0.0016,17.73,1.1473,33.302,low
259.9197,0.8461,48.5145,0.0175,89.6054,critical
230.3326,0.9921,46.3599,0.4132,96.913,critical
104.6906,0.0158,21.4688,1.8186,56.3576,low
131.7879,0.5968,16.5856,0.9808,74.5557,medium
284.4058,0.964,53.1891,0.1048,97.9293,critical
102.5775,0.3592,16.3177,0.6281,73.1135,medium
153.3241,0.5858,51.36,0.4941,85.1885,high
71.094,0.044,10.4525,0.9843,50.7296,low
172.4159,0.7856,44.5314,0.9582,77.4716,high
76.156,0.1471,11.7746,1.4034,58.638,low
203.1669,0.5744,35.8326,0.1231,89.5123,high
202.8565,0.7901,40.234,0.4816,87.5264,high
146.6052,0.3153,19.576,1.4069,72.1276,medium
90.021,0.0821,18.9609,1.0407,58.224,low
152.4012,0.4436,26.7652,0.5648,80.596,medium
253.3545,0.7802,54.2632,0.2775,98.7597,critical
107.8217,0.4968,25.1434,1.0995,74.4787,medium
111.2193,0.2068,16.1533,1.7543,47.9285,low
270.3882,0.9613,52.0163,0.3524,89.8253,critical
112.9075,0.4449,25.6634,0.9188,76.806,medium
109.5792,0.2994,15.0186,1.3612,52.6939,low
56.9379,0.0273,10.4522,1.6267,40.767,low
247.7145,0.9865,54.2317,0.4069,91.7312,critical
71.1349,0.1639,12.5653,1.4981,50.8756,low
55.9111,0.3449,19.153,1.7719,39.7774,low
252.2873,0.8018,34.9578,0.5784,75.77,high
85.0519,0.0544,19.0853,1.2225,61.3155,low
161.6839,0.6993,45.163,0.6188,75.7299,high
144.3168,0.373,25.1166,0.4773,86.531,medium
92.2175,0.1166,15.3782,1.6928,39.1664,low
167.11,0.8008,41.8004,0.3437,92.4106,high
289.4113,0.9633,56.2391,0.4668,85.3028,critical
273.6541,0.8173,57.8323,0.3973,88.0315,critical
262.4111,0.8537,38.855,0.2498,98.8621,critical
249.1356,0.8893,53.8819,0.2787,88.5624,critical
173.9065,0.6581,34.7928,0.5726,85.9925,high
299.404,0.9017,44.1297,0.5195,96.3927,critical
254.5714,0.7958,30.7469,0.3345,93.8604,high
76.3452,0.0689,21.298,1.2003,31.6538,low
254.3507,0.9471,46.6358,0.2352,86.1474,critical
155.8036,0.4234,28.8889,1.3817,71.7349,medium
260.7568,0.8024,52.0229,0.2547,87.0548,critical
77.8305,0.3344,6.1233,1.7955,41.0151,low
155.9985,0.3106,15.6948,0.9819,70.0185,medium
80.7215,0.3102,12.7905,1.9527,45.6236,low
71.417,0.3394,15.5344,1.7262,36.2269,low
119.3302,0.304,15.5699,0.5925,80.4982,medium
298.6267,0.9621,43.8068,0.3366,89.5816,critical
157.6689,0.4457,37.0576,1.471,84.8364,medium
252.1992,0.9618,48.1259,0.2207,88.0031,critical
264.7845,0.9018,43.727,0.2976,93.5683,critical
255.1799,0.8649,41.3652,0.3088,97.99,critical
179.4414,0.8384,28.4322,0.7724,89.5348,high
239.9924,0.5901,33.084,0.4333,79.018,high
233.188,0.8503,58.5101,0.5325,92.4072,critical
199.3194,0.7572,50.2847,0.3943,80.0747,high
296.1556,0.8616,58.0083,0.2055,91.6115,critical
60.8649,0.2963,5.835,1.3459,35.6136,low
234.1413,0.823,51.585,0.182,98.7449,critical
156.0931,0.6288,50.9653,0.2098,77.5834,high
233.17,0.7938,38.5885,0.4464,92.3169,critical
216.2297,0.5929,43.6213,0.8189,83.5178,high
264.997,0.862,51.1111,0.3077,98.8879,critical
279.1374,0.9786,49.3735,0.4405,99.5304,critical
270.8898,0.8942,48.7735,0.0877,90.7419,critical
185.8264,0.8022,31.7323,0.1125,81.0689,high
104.5981,0.5002,30.6274,0.836,71.6617,medium
253.6282,0.9307,39.7954,0.497,85.1303,critical
196.5197,0.698,30.6578,0.8967,92.2528,high
296.6836,0.9398,54.5543,0.3728,93.1691,critical
241.2031,0.7848,44.0788,0.0975,85.9721,critical
98.002,0.1877,5.4511,1.3671,56.7427,low
146.458,0.5505,20.6826,0.8786,76.2,medium
230.484,0.6303,42.3795,0.6796,75.1836,high
259.875,0.7498,36.3441,0.7346,92.2584,high
144.2804,0.2834,31.8865,0.6227,76.9281,medium
236.1755,0.7856,43.8057,0.458,92.9549,high
258.4777,0.6895,37.3491,0.6553,78.0068,high
92.8182,0.4433,27.0034,1.1127,76.3408,medium
114.2602,0.2951,30.4661,0.9272,76.6184,medium
168.7762,0.2844,28.7737,0.8702,76.5193,medium
259.8565,0.7616,44.6343,0.5737,76.3792,high
224.9998,0.8,31.8661,0.424,85.2097,high
174.9156,0.6377,43.5783,0.9886,86.194,high
161.3233,0.8406,42.7902,0.5099,89.9484,high
292.0714,0.8136,45.2523,0.4806,97.2149,critical
232.6899,0.5758,49.9048,0.4945,85.2164,high
256.0756,0.7242,38.6075,0.7614,81.3126,high
259.6729,0.6368,29.2386,0.6105,90.9665,high
242.0655,0.9102,43.8237,0.0475,88.9348,critical
295.4641,0.8289,58.3209,0.347,97.5212,critical
249.4793,0.563,34.5666,0.2256,84.2902,high
243.564,0.9013,48.3356,0.4689,99.5753,critical
255.1281,0.8908,42.1517,0.3989,88.3823,critical
279.3344,0.8544,45.0267,0.4055,86.5137,critical
245.0497,0.7851,55.5411,0.419,90.6771,critical
137.9665,0.5882,30.0211,0.8433,73.6291,medium
168.1617,0.4738,32.3852,0.6807,89.8961,medium
172.4802,0.6904,28.2433,0.2614,75.1045,high
252.9044,0.9414,53.2776,0.1872,99.4768,critical
82.504,0.4661,26.4604,0.7223,85.395,medium
165.3651,0.3401,18.9331,0.5401,70.9312,medium
165.8966,0.4638,20.9035,1.0314,71.5814,medium
242.0349,0.7627,42.4077,0.1091,77.7994,high
186.0669,0.6575,29.7911,0.8489,81.0872,high
233.9747,0.8522,54.015,0.2002,92.2303,critical
224.128,0.7252,43.8536,0.842,81.7797,high
171.2205,0.36,26.6372,1.2761,84.6669,medium
156.1035,0.5948,49.2833,0.3068,82.7261,high
130.719,0.3829,35.4423,0.8866,70.9733,medium
246.839,0.7748,29.0595,0.5106,90.1235,high
293.8041,0.8987,55.0763,0.464,91.0599,critical
129.7026,0.5578,22.1202,0.6153,87.3777,medium
288.7833,0.9742,41.2987,0.3042,95.4729,critical
189.304,0.8477,37.8677,0.3173,90.8176,high
52.5242,0.0535,15.8394,1.5424,58.5506,low
231.9591,0.8349,41.6538,0.54,92.869,critical
94.1198,0.0973,11.9697,1.6176,41.9928,low
251.1421,0.6831,51.4954,0.9721,93.7475,high
131.6575,0.559,19.2423,1.0448,86.2705,medium
190.5315,0.691,38.8789,0.3855,85.6862,high
97.4978,0.5717,34.6994,0.9239,85.5828,medium
90.425,0.4588,22.9053,1.4767,85.5038,medium
258.3113,0.8795,47.3921,0.334,95.9069,critical
249.1582,0.8322,38.0868,0.0038,85.0259,critical
247.2221,0.7501,51.3763,0.3852,80.5782,high
178.1277,0.4945,30.2563,1.2363,75.6105,medium
231.9637,0.8334,43.7203,0.4129,95.2357,critical
247.2966,0.6608,33.2824,0.5551,91.8534,high
59.2276,0.2772,15.2265,0.9126,55.1322,low
91.1781,0.0853,6.9976,1.4648,42.5722,low
164.6598,0.4204,27.9336,1.2905,76.3166,medium
142.1458,0.5624,23.5245,0.7124,78.6684,medium
70.6751,0.0707,20.5677,1.13,36.6322,low
124.5265,0.3161,26.7887,0.8652,83.1763,medium
248.8179,0.9046,41.0227,0.0025,88.182,critical
182.2601,0.7421,32.2544,0.4259,80.5079,high
215.1203,0.8364,50.1714,0.5616,86.6302,high
242.3794,0.881,45.2776,0.422,85.5273,critical
137.4869,0.5986,33.7642,0.4368,79.4754,medium
293.7542,0.8757,53.5405,0.5069,92.557,critical
129.2838,0.4989,29.1456,1.2479,83.5034,medium
247.8297,0.9621,43.9382,0.4234,96.05,critical
159.7262,0.4079,22.2573,0.863,73.175,medium
275.5091,0.8733,51.8139,0.1297,86.8062,critical
154.0815,0.5327,33.3852,1.36,76.7321,medium
138.2682,0.3108,26.202,0.9327,84.743,medium
58.2604,0.3436,19.6297,1.7744,34.3378,low
91.9024,0.5015,15.4633,0.4134,86.2955,medium
248.7052,0.8104,47.1061,0.2057,98.3761,critical
279.2594,0.8964,52.2876,0.2326,90.1888,critical
69.8736,0.1734,21.3943,1.3314,49.4557,low
175.0496,0.3357,15.0148,1.3371,82.3615,medium
187.8011,0.5556,29.2083,0.5792,79.1239,high
210.4197,0.6408,31.2201,0.8686,91.2779,high
149.7282,0.5376,35.9286,0.4328,75.7338,medium
93.5221,0.2868,37.1222,1.17,83.1098,medium
104.4183,0.0845,14.6292,1.9014,34.1537,low
91.3641,0.017,21.6033,1.9796,47.6477,low
196.3857,0.5693,41.0808,0.3163,79.2032,high
80.6006,0.3462,6.5593,1.7847,39.9683,low
203.5381,0.6078,47.759,0.6861,75.5184,high
59.8238,0.1094,8.658,1.9342,41.8656,low
278.8807,0.8595,59.1205,0.1795,97.1108,critical
247.0255,0.9282,48.5034,0.0608,85.2647,critical
76.8324,0.2131,15.782,1.4567,34.6825,low
86.6627,0.2797,12.6678,1.8277,36.9928,low
63.8743,0.1066,20.2817,1.5193,32.3581,low
237.797,0.8785,41.6367,0.1762,87.2974,critical
58.5345,0.3342,19.2371,1.7112,56.4626,low
145.2567,0.5476,33.5378,1.3195,84.5964,medium
262.3474,0.9884,59.288,0.5452,85.4768,critical
163.8219,0.7085,36.1864,0.2222,85.8437,high
236.2319,0.7206,39.7986,0.1031,89.168,high
177.556,0.6629,28.2939,0.8545,89.1317,high
159.875,0.4991,23.9547,1.1594,74.3015,medium
202.1328,0.7272,36.6029,0.7025,93.9859,high
236.2467,0.7647,32.936,0.1391,89.8871,high
96.3207,0.3876,26.9797,0.6439,71.6955,medium
238.908,0.8866,56.771,0.3784,85.8991,critical
94.4303,0.2272,10.4483,1.7497,44.8279,low
248.2515,0.9622,52.2586,0.2524,87.5559,critical
81.039,0.1169,10.8261,1.8736,44.5024,low
222.3681,0.8103,28.8811,0.6945,79.9182,high
251.4113,0.8298,35.978,0.4944,82.1586,high
95.6703,0.2778,16.0191,1.2077,31.783,low
101.078,0.2033,12.2934,1.4729,54.2851,low
56.6127,0.3357,21.8366,1.4063,50.4457,low
111.5764,0.417,20.7199,1.2986,80.1465,medium
59.174,0.1968,10.3507,1.2042,33.9907,low
87.5139,0.5022,22.4697,0.4718,70.3365,medium
203.6774,0.8447,43.0202,0.4992,79.3271,high
132.9039,0.4092,15.4595,1.3859,77.75,medium
100.8001,0.3442,15.1026,1.3183,42.935,low
236.1718,0.9945,52.9432,0.5529,95.8246,critical
135.6486,0.3657,25.9298,1.153,72.9724,medium
250.1481,0.8661,55.1324,0.3744,97.5704,critical
113.1857,0.1213,11.4361,1.154,31.3833,low
257.5224,0.8103,58.358,0.4955,97.0705,critical
205.7199,0.6028,31.7539,0.7585,82.2493,high
233.2116,0.5613,45.4516,0.4467,89.38,high
289.9794,0.8668,53.8993,0.145,99.3502,critical
250.3841,0.6599,49.3241,0.6663,90.0179,high
62.8473,0.3108,6.5398,1.9649,48.8128,low
239.4728,0.8151,56.3946,0.0461,89.6402,critical
135.8674,0.2724,23.9759,1.0816,70.3183,medium
250.8624,0.9941,39.0512,0.532,96.2248,critical
51.4804,0.2171,13.3924,1.7927,60.4277,low
127.2887,0.5357,15.3249,0.7934,74.4709,medium
118.0278,0.1129,14.3654,1.981,62.7968,low
114.1208,0.3103,16.0884,1.5671,39.2825,low
255.6879,0.9976,41.4499,0.2014,86.1037,critical
169.2905,0.4192,32.4091,0.6814,78.2006,medium
114.2909,0.0908,6.073,0.8261,57.7295,low
118.7864,0.5708,28.2033,0.5164,76.8463,medium
265.1079,0.9031,38.4023,0.5242,95.3628,critical
249.3665,0.8923,51.1317,0.3462,93.2963,critical
281.4732,0.8713,51.0378,0.2354,94.1231,critical
257.4238,0.6411,30.7995,0.73,80.7873,high
119.6065,0.4061,33.6804,1.2681,83.2117,medium
170.7606,0.6318,50.7229,0.7659,86.3049,high
242.3928,0.6249,49.4388,0.5038,93.6157,high
217.0119,0.8246,48.9061,0.9995,84.9214,high
235.2173,0.5814,46.2053,0.6425,89.008,high
275.9117,0.8988,40.6345,0.4017,97.3773,critical
256.4174,0.9601,45.9624,0.0558,97.8119,critical
240.8016,0.7144,38.3111,0.7589,80.1399,high
66.0759,0.1965,5.8408,1.984,50.5672,low
82.8689,0.0038,12.1281,0.8839,33.5101,low
115.4725,0.5369,26.3,0.4463,71.5,medium
133.2415,0.2778,30.6716,0.5777,85.1261,medium
213.1908,0.6867,34.8316,0.9704,80.9692,high
213.0406,0.5981,33.9235,0.8074,83.0666,high
274.5893,0.8786,57.0512,0.4022,95.8416,critical
211.8066,0.8399,31.2796,0.6601,79.9554,high
98.7424,0.1569,15.9619,0.8695,59.8418,low
249.0204,0.7703,31.0972,0.3923,90.6441,high
100.4013,0.2886,24.2015,1.2322,80.1275,medium
140.3945,0.3809,37.387,0.5307,73.2079,medium
184.7267,0.6085,44.8493,0.6071,92.5835,high
144.8597,0.4192,31.2025,0.8452,78.6122,medium
105.7772,0.0392,10.4468,1.0769,32.1221,low
107.5933,0.0982,21.151,1.6967,45.4377,low
72.9247,0.3141,16.5671,1.455,40.0616,low
121.1203,0.5836,21.5972,0.7245,82.4617,medium
116.5836,0.0459,10.13,1.0265,31.5708,low
176.5551,0.8222,43.465,0.271,76.5054,high
108.0853,0.2826,18.9931,1.8181,61.281,low
158.6941,0.369,30.6989,0.5402,87.5786,medium
103.0661,0.2998,20.1723,1.1496,52.7967,low
152.941,0.5073,23.051,0.4344,88.3679,medium
234.8905,0.9278,41.242,0.5017,87.7688,critical
273.5063,0.9648,58.8189,0.4176,95.8459,critical
156.904,0.6366,38.1404,0.5688,90.3656,high
256.8057,0.9917,54.4739,0.0139,97.2379,critical
125.1215,0.3462,29.2812,1.4337,75.9874,medium
245.6842,0.7349,47.2258,0.5282,86.9493,high
255.9789,0.8546,49.5404,0.3973,95.8659,critical
251.3545,0.9551,41.8509,0.4008,98.8145,critical
154.6732,0.3356,35.8036,0.5777,75.4848,medium
272.9762,0.8,49.0252,0.1504,99.9152,critical
103.8785,0.5045,23.0043,0.5145,75.7102,medium
81.1809,0.5658,36.7791,1.0425,74.8597,medium
68.3722,0.1893,16.1102,1.2741,62.536,low
284.6723,0.9322,38.5201,0.5063,95.3543,critical
161.9528,0.4013,19.6531,1.12,78.2395,medium
167.0733,0.5761,24.8906,0.5126,85.5145,medium
178.0391,0.7957,42.0732,0.7678,75.457,high
265.6632,0.8615,47.2407,0.506,86.9066,critical
126.26,0.3525,37.0587,0.6902,81.7797,medium
195.8371,0.6473,41.7449,0.7744,90.1034,high
69.4653,0.1125,13.8323,1.0098,42.8881,low
268.8122,0.8077,56.6653,0.0147,97.1453,critical
146.0868,0.4462,33.4987,1.4474,79.2609,medium
98.6662,0.5307,35.1571,0.4229,82.3426,medium
81.7728,0.0849,6.9605,1.8657,43.2604,low
74.8168,0.1303,17.7435,1.4353,33.8033,low
223.2439,0.7038,36.0867,0.6726,84.2768,high
94.5486,0.1854,11.4313,1.5366,48.459,low
155.972,0.6762,32.7621,0.3004,76.2786,high
72.2594,0.2167,8.2845,1.6553,49.4667,low
113.6381,0.5238,28.6468,0.7677,74.7337,medium
199.3605,0.6095,31.7296,0.8553,76.297,high
119.0642,0.132,5.6868,1.1968,56.6788,low
104.4765,0.2666,18.6213,0.5382,84.5936,medium
172.4608,0.6681,35.5407,0.6071,81.7973,high
265.8736,0.833,50.369,0.5067,98.9947,critical
91.5577,0.1428,14.5947,1.9293,40.0821,low
179.1,0.2991,29.5049,1.2326,84.1883,medium
177.1432,0.6499,40.221,0.3317,81.8623,high
288.4083,0.9843,40.8035,0.591,85.0823,critical
61.9415,0.3236,21.9902,1.3753,37.074,low
277.1254,0.8709,43.6441,0.3649,97.9481,critical
125.7735,0.2627,19.6849,0.5307,74.8907,medium
210.9728,0.7344,36.2009,0.4851,91.5004,high
184.3398,0.585,47.0368,0.9337,82.4084,high
82.3314,0.1186,17.964,1.4684,42.2101,low
188.5404,0.7982,48.844,0.347,85.4524,high
101.4425,0.2138,18.1734,1.362,50.3153,low
198.1373,0.8242,48.116,0.8133,84.1591,high
95.4463,0.3336,12.3909,1.6757,58.9604,low
95.4893,0.1714,6.9014,1.4227,31.1483,low
270.0835,0.9494,49.8157,0.1894,94.1567,critical
177.0363,0.7152,40.6886,0.333,93.2772,high
289.9631,0.839,49.1488,0.0294,94.0875,critical
211.1176,0.7401,36.9892,0.4142,80.0063,high
182.9612,0.6764,34.8999,0.7095,83.5603,high
233.8642,0.7816,31.1602,0.6686,87.2774,high
121.4427,0.3613,25.8092,0.6671,80.108,medium
156.9887,0.6427,45.1089,0.9182,87.4094,high
198.343,0.7705,33.8795,0.6776,81.0254,high
